isbn,book,first_name,last_name,review
1,Pohe Hiwa,Kennett,Cannell,29ez35B2T8fD01w9m4i1e905S6EWKh70425432x7C3tI2539Z9
2,Roundleaf Bladderpod,Pattie,Lebbon,p64B8O6o7la6XYNW431i076l9415EL3Y40LF1w93269Q194k49
3,Didymodon Moss,Karisa,Metrick,85l72YT0C0L889384d8379Eq145e5L73505oZ4Fh4pWC2b36BU
4,Rim Lichen,Rice,Gusticke,R9v1669FjZs4d15ylSe03kB0TND47Ji92U2a475pB4F1HQ01sX
5,Adanson's Monstera,Brita,Raffan,3v5kg3Qr026Sn22y2ZsIn8ad3akd1eiFUqE525ejlF347822D4
6,Siberian Bog Sedge,Talbert,Cator,95R63Q5o97OjM33doiN618539I71gwC313a24xMoAG34q85a28
7,Wart Lichen,Jorry,Kennham,29788uB492ijKPC907n679F57233COl3vgAbg212xtQ8VPs2rG
8,Durum Wheat,Nick,Durbridge,28B34525L9L50q6LNB0896367Dc1sMI469kdSYf79Te780x312
9,Water Paspalum,Caye,Sadler,7dL2ZDK58276BI7ZlSm29v9734S035a22379061pzh6DqjiO6k
10,Rye Sedge,Morgun,Hadfield,91n7268847BIO3X7y2Lho9095Lihn4IC2u92k0lPw004365Vtw
11,Moccasin Flower,Torrance,Palfreman,901d308u7OjH109jUn0u543Grgcw0g8Zw9Ah4787ByCtM7IUHC
12,Firetree,Amabel,Hutt,997392ck0u131L7068A32yLX3LVj829VhY4dNk3JE87mYpzyvK
13,Bush's Blackberry,Siward,Boggs,1C10MxNeoL776h3YG3J8M0196HC7Bz35y05B101t0A2VTNR095
14,Mexican Gumweed,Bail,Leaf,73E3DF2O9N79e5U72t20tN1672q89hA0U9l6o1R112445v8F8O
15,Tweedy's Ivesia,Davine,Cellier,Q6r2c36Sgu4iwt304Onp6sBu08013e03nwReR66004Uh8650Df
16,Rooted Spikerush,Godard,Jurczak,029230HV7U610bxP03K14IUS92vf69WtM2w8V56v5n1731812I
17,Bailey's Rabbitbrush,Fenelia,Ortelt,P0qw28T46OMw08w3QEug60977IH90tGA76KY8f86A78C5rrG0X
18,Eugenia,Harp,Shawyer,916gJ86W81F5x099bE1vh0Pa0aGyZijr94923X67VvoMJ5j830
19,Toddy Palm,Sunny,Voaden,w385ee72U35h8ze25tm48A6oHJ5Sb5920Hr6vZj99XbE6B5eLz
20,Clover Ash,Rickert,Roseman,a0GQ9f1K0179Q7M0k7g861t4bVP3y672tTmi99yt7w6d8N10Tz
21,Soapweed Yucca,Kalle,Ahern,u2POU837g814X6oPQr0F927gW15v3uS33fIY60T21Vw0D73r1j
22,Dirina Lichen,Sergent,Jiggens,747t6r51e29plR3cKmO5wF8950uKK8BVhHY6QjM702v0tW0j24
23,Harrison's Stickseed,Elizabeth,Daykin,gC8U8qzn917t14W26bh92Fa2369K144W6c999768V12uNi6sA1
24,Annual Semaphoregrass,Vonny,Labrom,1Xyg1yhCo0XFJ6d9Z10v397686868I3Vb1p40rko5GBT9M06t3
25,Kori-yanagi,Brigitta,Rubi,67vG3899y36ESmrg0pL96B465se23ee60o24H4pGB587l06ozN
26,Marsh Sandwort,Nerti,McKain,I8m36x13172rQ173530luc3xwIB5EN815C9F72508B0kZN2nZH
27,Metcalf's Groundsel,Cherrita,Raper,Sh33QO9jJU875786382so48dB5GGAn5h7st0462097L46e13wR
28,Phascum Moss,Cortney,Shooter,vVDeRt0njf6R23MI5FJ9s0tLn41Ug0889XK3696Z7hyvE949EN
29,Oakleaf Carica,Mariann,Roistone,77655132w30MX716h3n72l3d2VWbDh7g9q68d48Y0I2N7faB1o
30,Menzies' Ballart,Colas,Dyster,3xM30gsa0c777J69cslg6z1391PsgD3Lj7xX35cn8VEmhu1JSU
31,Rinodina Lichen,Horatius,Mayze,77e9H4w2ahM6yBD0103Q7Mp4Y7Hsjm94E0cr456BFxI7vT210L
32,Pore Lichen,Persis,Lightbown,630263461M56X2J0477f58AX55s123682r2a2O7s27GP47qDP3
33,Lavender Cotton,Bert,Hanks,9k16WJ237FN688R18VR9Z52h14cx922L371xwe23e7PrGhP9n5
34,Featherleaf Kittentails,Sherm,Cuesta,6DmiI5X143FV903I425T9yj0mCvpG9MyAn768521P7hyw7sN50
35,Nootka Lupine,Guglielmo,Woodus,7MBa4EIT8mI872BXK2Z5m7dOwkZI2O5ac6R732aG9858r24ivo
36,Robinson's Onion,Arv,Truelove,22fl38uc64394ci6t5mn8q9422553ieD904D5zJYq8Bqd86X48
37,Hitchcock's Mock Orange,Suzanna,Pease,v2Ee95984spSLpb720763i88xfnmp1DdN55536J4pQzK52h5k3
38,Cerulean Flaxlily,Sonni,Ghioni,RAFp3Z4t1S82KnC46F20n693Z58G07g4gEkb770897276hqnp2
39,Elmer's Erigeron,Candace,Micheli,S4W4R7507qZyFBMh2M348ad9723rAwK55LqB4v8291G7495W78
40,Aster,Olly,Adamski,k27E41cw9J3q06A834GMv8iEhm5B15N7FF1fL709B0Xm6CzC16
41,Giant Spiderwort,Winne,Challicombe,61t56s20T9l59D6712PQ1Zx9Va2R8P91Cf516Y15P4086v0A7E
42,Cerro Hawthorn,Illa,Dax,59j35O3yBdB02Jp3Xi858I6HrfU4x5711Y35m67sz05Iz0OB79
43,Scentbottle,Britt,Wagstaff,135H9W72NE5Yx2WbCDL3479A56ba94ZF4Hx9OsN13DZMIRn8bk
44,Copperbush,Suzanna,Stickells,7D20289Dn527ChzC2r86n3n2n2Xml25917k4771nyOm5022376
45,Christmas Fern,Ibby,Esby,74103ATxqCq76uO1QhyD6p87860v4Qst98lFr434xTxM6H4urV
46,Purple Queen,Hannie,Raubenheim,E18H3qARRI0df519RNCp8y2W34Jt2bNZ7MrbIAF46717x15b1y
47,Curved Sicklegrass,Yank,De Fraine,9s1c37fxw0j0mj32868Gprnt9L06d2I223U33f3157043X3eaw
48,Pycothelia Lichen,Jodee,Curryer,79812V5p9PLsx12ZR376a42200PYx5y84H90cUH121I7p79b2n
49,Kauai Yellowwood,West,Zamora,phUV62R01Aa33lB1a7ID42845us5370Bh56Ik3e3813f7g3246
50,Weak Stellate Sedge,Darb,Entwisle,rRP82B98uCe95343dK7Es2YXP5b957394k44M3670m8S0b2481
51,Fewflower St. Johnswort,Wanda,Wickett,R7b52A9Xx4B8975LCmw7Tgc4tbijNpKsb08p85686g2X84G9EZ
52,Navajo Fleabane,Ingmar,Taylot,7xP53hHmY0285thy1EPk7Z88VF318y90U7SdO6E3361l4K8DbR
53,Badlands Mule-ears,Hendrika,Southgate,a48PWyJ6aQl376EyamiZm9jJ155Y8L5e3hDqE936I2YDS9334Q
54,Tectona,Donall,Cucuzza,cX509W2896a919EN1mwK34xK8YH2ep382403rL6VIWofIT96jx
55,Bicknell's Milkvetch,Lilly,Ingarfill,I1h184uBR5935F4OC1188dnSRas3hHDt718786309o0n66a3NK
56,Coastal Dune Sandmat,Kristoforo,Bourchier,n4B3j7d27y60TAR9q5qK8t5UgrBkD416x2y100c6725165cW9f
57,Dropwort,Whitby,Stuchberry,F14O0468soxLO0n615uF2X33PZA4Jj0q70802GCR3Kpcy2er4y
58,Plumas Alpine Aster,Hort,Axelbey,wr509889r7549277kWc55x710ilug2yG88QXP749dZ7yg50VD7
59,Glory-pea,Pearl,Rack,14Mf46f8qj38V2HrsX209ErosH74j0W9H7dt6R7y7fE882e5va
60,Taxithelium Moss,Whitaker,Lequeux,2457VU454km326vnCZk0a76jER9417009ZDxxa1F4erb732Y9T
61,Mossgrass,Hal,Mountford,V9l82y4Ms85PQIM320Pm41C82x54mC3518196hMxsr8KhzZVr5
62,Golden Princesplume,Llywellyn,Ellen,D7L6Mk045S2tjfu62gf8A0MMNr79ON7Y2472B558D8eI83579y
63,Plumeless Thistle,Nanon,Caswall,Vum1D42R64O6kBdHOiK09AEbE32289O37USOTZ34M2pOBdRPv7
64,Western Sandcherry,Carlin,Blinco,N9048V34JN3X5rOJ3AwPm9LP17a04V6Tq6Q375s688774077t2
65,Lanai Panicgrass,Thelma,Bamborough,HLP6161t323f6m5Ve6178Xb715pcw080K7hn06t47a7O7jh06R
66,Pamakani Mahu,Honor,Spurway,1GAS80eY791J5QexTqV4W8gH3Y0A72u3236z0Q91D6V5HIbT6w
67,Stiff Greenthread,Dame,Winslett,w8vZr0H7naCKHR8hH9G81Pn057I5XceN82sdQB4992295Nll0B
68,Lilac Penstemon,Billye,Leddy,em3DR316yOJty22X32r3j1188zYr6hBlK0WiQ064NL533D01jE
69,Chaffweed,Taryn,Sirl,QB57cmT92D81YUH0C126c7c401L0jhf6584w276Jh5p8c7qvxp
70,Woodland Buttercup,Ban,Westmarland,3nH4RM43GXg538i0j2N399331C84CP93h632CW32wXDW234369
71,Ottertail Pass Saxifrage,Nessa,Marikhin,49SNe882JR9Q194DU157ou5TCv5ThcU6v9yp2y08g7i6Q10oh4
72,Margined Buttercup,Ricca,Cutler,yA2E96498zuB9d7F50B76T9S4Fx74M85jN2pU3021KiF3KI42J
73,Brigalow Grass,Ardra,Steptowe,s701L7QCzOS38925AYSi7kn2h13K38358Z7v6905904tL17ha9
74,Mandrake,Nickie,Alenikov,69U8b2c8rteXYAU727J8u180c2VV613Zp8507aWFA4Qr1h4PC9
75,Sonoma Manzanita,Dana,Cottis,3408AXNb887gEV336Uvv4t2413dM9RSxU3zc1s90747a93Z9co
76,Smallflower Lousewort,Cathe,Pettegre,Jf7PinXYH8292NvDMjBn3Xgg99pIZ823Y0ZHZiQ79ck888x6q1
77,Tropical Almond,Cortie,Lowdeane,yWp3yBh3d5E9PV086ie1o1jzheF6z28cVT32t6Q705X101toJ1
78,Bristly Flatsedge,Aida,McKim,337213828G1iI6G1Xmpb9t9OH8K997mK83BA78ld95gOn452sW
79,Dot Lichen,Leticia,Robillart,KmI00se3NFB0I044bU75fBf70OGL7amhl006hJ30608004315S
80,Pricklypear,Jarrad,Salvadori,qw912z5562648w0V7280N92IIm7KM22010Qv10wO494W87wEs7
81,Meesia Moss,Ruby,Tissiman,2fzLwx455R90b5wgu9VW15w5X4gS643Ue7049sW6406r965aw6
82,Glenwoodgrass,Valle,Bartoszewicz,yx04gXkOek88J7Jda4eV2W9R041Wu59kta8ZPfzZ1I31DyD9e9
83,Plagiothecium Moss,Tonya,Roadnight,o8UV5V43h4smfH02jic6Ve4Nf33lg60Dq423Z5Ex9z668F0H7f
84,Columbian Monkshood,Maryanna,Mapplebeck,CL0GQrs07bS27N899aS513tAZS2wv1046M46AruENIk179Lrco
85,Dotted Lichen,Kaia,Colleran,Nrr0587a3p9A66i5u15Yf6pxR34706348O0B1q98ME1r57oK42
86,Florida Cacalia,Robbie,Bolingbroke,3323q71CfA60QwKsn8437986Tm216kg3v171vFm0u3JCrd52W4
87,Yellow Hatpins,Natassia,Greenlees,YW2930j25h58U2a2DIo7ctmI1T8Es25Pyaz95vm8Jshr3V8Qmb
88,Menand's Hawthorn,Luis,Louch,3IB77WxA55245Q5iA1R40T81q00qCg29N6Z6417B8u972w4kT2
89,Devil's-tongue,Eolanda,Gowanson,jX86i8763451J9E394N5LOS0X9zR7T9t943Jjg6L1p4Cywy3x4
90,Lesica's Draba,Monroe,Shallo,10g3rn7ahSzh5Qwe5a148899Fl406aeA54424m9z49lRl62823
91,Grimy Mousetail,Riannon,Lafaye,0GIS8TpmBC42aI823HsOSH1312lr2Q616ls749Xj568d3o8T1d
92,Villous Lipfern,Daune,Wincer,nTSu7JZN2QUKlQ21L0B70663i4585ip822b5QHWkFpw04vFf4s
93,Flat-top Broomrape,Fernande,Berardt,12E7MF7rv9Zk49T34rCf4Jo7gxycpT7x40yO725H8b484n3U3s
94,Tapertip Flatsedge,Lockwood,Peaddie,5952zb7DP3367s5hTz0C0u5R06s9Y5E120Uv68iS6nY2Fuu17L
95,Reeves' Bladderfern,Ilario,McGeneay,4d0w1727SyMFA88p983Y8324I2G0755b610159N6Uok15022m4
96,Parmotrema Lichen,Aeriela,Plott,n59Rp08M521Rk50w5NFDD2hD8WlOUi1shh809m2EAv9635NdGi
97,Jeweled Hawthorn,Hortense,Uglow,E4k36a0d6Ia4llhb175Tx4Jb2C7Vp5hFAYz2p42t2B04l60LwZ
98,Syngonanthus,Astrix,Taffee,549Hx718f18t8614B1o90X1HPKBue3Ayp3SQQ70404261u54Sc
99,Saltmeadow Cordgrass,Lauralee,Dureden,YEbx27hNJL4K5f2V49V028o360gL90e9e43KAa6HY7TB58dfb7
100,Rockface Yellow Loosestrife,Xenia,O'Sharry,f629731309NH73438u4S6FxxC884ka7BV68199jd3x2B007148
101,Bromelia,Maggee,Dilrew,807A1204q4b10f6ky250422qT6R5an2CKnCwIW0dUuzy364g3K
102,Muskflower,Dolly,Weildish,l8335307KDb7G2zV20Y2aed474U2206417h4659713321939w1
103,Ouachita False Indigo,Reid,Rogger,G517eTeVA24969TN40lrIA8o41087783m27UB59LPfOw42fx9g
104,Oklahoma Monkeyflower,Janot,Budleigh,KQd9121264GYe690A43VK550Co3OR8x3Mz21gtPhu7b223b5VF
105,Eggert's Sunflower,Tabbitha,Devo,046j8geT39pjQbddi91Xr5sX87py267S6D8kSz6R8427F1ZO72
106,Birdfoot Cliffbrake,Leisha,Domke,214f8ALhg536Rn8s48jzrN7jvc77U0VQ89AJ5ghMF9yh49Wz7O
107,Fragrant Spikesedge,Glenine,Mosby,C59u6l7Den4S0g5EQ39Ofh99806Til4s7Y4Eg0P97Nh0E1IJoD
108,Neolloydia,Giselle,Okell,c647B0Rn7j5743709S5FE87Lqw4pL3r7Mob426V69xsbKk26MZ
109,European Plum,Vale,Purle,w590Mq2qQi7k0c54y632F7nL7x3hRqBiF6ey76o244VPqqT41p
110,Smooth Pricklypoppy,Etienne,Scrivens,z8eTSepS9vx89C2V738X0k83Nbe5v4wqCVmCoDGebr0878k0j6
111,Redbird Flower,Stuart,Legging,CZP0WywxRs7894887U779hCNMQX8E551730Mz109103168mzB3
112,Warnstorfia Moss,Consuela,Allkins,s176VMM9f09ODW1b6F1pHJq8b52F2Fih0V1OSS78TmqYXv70g3
113,Red Beadtree,Merissa,St. Quentin,ms8zd3i6p39643qx30T970sJjj03rQU833NfXG9hfdioa4i0v0
114,Sunbonnetts,Andria,Sarrell,5IS74eWAv37SU6N1PoT00J3GxLM2o8804h2184F7f17xtIh131
115,Cockleshell Lichen,Karna,Carik,9YBG6aDNzP8B8hO0Wo9rBcY3l76V6ml6t3Lw3O0Qy2Q63L0k4B
116,Kamchatka Aconite,Edi,Thyer,9WqieMb74912h29W1G2D149f0l2aaHpO3ynyY1m0e29vUI4M2n
117,Ram's Horn,Vitoria,Linnane,p1amb7qaw0lB28TMXt1L92bL9a89eri9pW8uMW6awy5KGa75L8
118,Dwarf Gentian,Darryl,Winteringham,69bB2h091q4RsVh42vQ6fZ10wn35U99Wm319GnL2Mf42746G8w
119,Maui Reedgrass,Ambrose,Fforde,QV3E56l3cD90ZkV5774uBb5Itr2iPidDEP6tdVx0v273t2n89j
120,Palmer's Cryptantha,Sumner,Privett,1A67dE3550460Rk79J14d93y8VU3580eO1100Q6AofHc533DW9
121,Calamus,Guinevere,Annable,o69t901k2R940Pa5IJ9W7Z930x1462SJ2uZy5401L1JxP24363
122,Porsild's Draba,Mel,Grills,511JY8R9TN2M2J28bteK5FDf2aD8S6O0k7Et1Zz1qq74z43iF2
123,Bluntlobe Grapefern,Walker,Pratley,CUft86Tl5A919wd504P026eeJ1I23V19mWvF02t19383bRR707
124,Diamorpha,Lauralee,Romeo,6865G75u42419y4l99Wi1V6718y82LR9T36653R0RHr2LrS3rU
125,Crested Latesummer Mint,Moira,Mogg,8854K3TdfjhT31r82xH8h0X1F1ax8t92F8eN15K026n745070R
126,California Brodiaea,Theodora,Peasby,r35Iy591v13AA05X3E72M2Pe292insQ50A6PWOQ5134h6m6wK7
127,Douglas' Meadowfoam,Sasha,Tarquini,o570V422Z2j7rq6827w53418F414T15N31VJ46Xc3F377p25G5
128,Canyonlands Prairie Clover,Kacie,McAnulty,59471M713eC919Mk4jk5SToHa1C3cK11AiPMcVVEd6i12h33D7
129,Chaenothecopsis Lichen,Anders,Sargeaunt,am73CtmQp23uIeX56636Mf9wZJ6VAYc3a32eM630n0b176077j
130,Canterbury Bells,Georgi,Timmens,NAjwb5A28ID03mA13ygl6WnzV5H24R3eR990VLkF58gcUhMi9z
131,Parkia,Fleming,Peers,50T7hD6DtK8rKRFGQ292H6d1TY9Sev758343bT8T0s1L4vC9p4
132,Meehan's Mint,Brandyn,Patria,Iv8595E3iPXX6sW7Z0M455z8B3Auw84q31D9B6848db1r54F38
133,Map Lichen,Marti,Bernakiewicz,7x5p02283FGy982uj974a9YXl2K89800Egq73VvPMz4VH94406
134,Berg's Hedgenettle,Nada,Gristhwaite,8P5241204GQl546o0132972s7jXJ8JUX1E76919vl07Z821y9j
135,Pacific Popcornflower,Hastings,Adair,w04rD1W43av8T8920p9BW99Z7t56422c8Ct5w77ygieg910241
136,Red Grama,Crawford,Rawlin,2U2980kWhD5K5O96czR9q3HZ272GoEAc5JwiyE14537O3T05vq
137,Cyclodictyon Moss,Alwyn,Insall,0s83G6NU77721W47NN8h63q5I832d69021o3864WM75ADov48b
138,Hardstem Bulrush,Josepha,Mitchenson,89385kz7w1OaO27E8Xl70g3gHs5663rdL8hR05cxa49Y0TY4R4
139,Mound Saltbush,Raoul,Burnham,06xi73mfq373guO49b2Fdkm3YwVS59G75YW7Y9Xk252297XmCA
140,Foreign Cloak Fern,Jesse,McMakin,YQKc3x59619TUtSqJ08j5g7bBsD4YMJ8KJ78993c4La3Jq350I
141,Honolulu Melicope,Lorne,Audus,c767J3Xsh8CAQt035B1ED50QK6CQ32R6Y23j3NI9nUe9nl950C
142,Lanceleaf Violet,Roxine,Kealey,QGgiZp80c8853u9g0k46672y748QWI402zP348e7N3oWS57Y4K
143,Big Sagebrush,Elva,Bidwell,9YTJ935oTq0H8o3y8yjhSi4R4t7D0m2h95MDK2TDl5d7J2jSd2
144,Dot Lichen,Sophia,Girdwood,H1465XZ5RIwe171Ol280T0B9D4rSgu9SNBMkfzKoq5ntU8u11K
145,Dwarf Siberian Pine,Tara,Hakonsson,67A9C50n29051RExlfE0YgkF79uSJ9a1T1rqj0E1R4W27hgiOQ
146,Hitchenia,Petr,Attril,Nk3F7A8rx30K2217ZqKz405U7ALH8Cbn10M4a414xkZt8k90e5
147,Idaho Balsamroot,Tremaine,Heaffey,8dp75ZAN565q817x4d8q4qK8998y25Q66xcW65rRY6603029I4
148,Skin Lichen,Phaedra,Tooth,749121n46l06443sgyn008h8360S546W8blP8yrOb82YpRA7mV
149,Musky Phlox,Glendon,Tavner,585K066y4E4088877kOZtMq8Vc290b07181005l672tHX53I0T
150,Crystal Springs Lessingia,Ramon,Lyndon,aaR3O33lWz85572I42604539Zhn798oTiak3Vau9G6NHJ839w0
151,Cartilage Lichen,Cherilyn,Williment,h4I7667U630fCNYNj5beP55G5f65i79H9UF1D995B59ql53Q0e
152,Purplefruit Stenogyne,Abbe,Dreye,14by3i395Eo21S0P9p2V7k698057d7X581oo85Tk91753LK4c9
153,Helmet Orchid,Felicia,Petera,81rcm67ppp44800c87i29032xl41R7i6T5Uf2oEnK56C93gdZ8
154,Manystem Pea,Cristine,Kellert,6B2X95E1oY287kf8TE66p0ZF80T914ww9aT1vN8A847yjg5h8R
155,Pea,Davon,Van den Velden,v1Tu88120J4fVFc6Qe00252j247ifo2lx3u674N8Bas61742mI
156,Chickenspike,Jarred,Gribbon,w1EPs9zo5Q92f55HPUn37fTlL3V6VTXd9wpR7S8r81sW5HwYWw
157,Inga,Ninnetta,Tolomelli,q18zK43e4Q4r46F70I74JRg7PZE61fbKL4N788017F4252p243
158,Seaside Joyweed,Benedick,Balm,3JCeI1fHg6MddcjSl36qe8YmZzB4O7oa7773h962GCt1ECI226
159,Jamaican Lellingeria,Athena,De Marchi,ku5Sv7ZS2qeni63rrA2233l3mi03Q7574Z7P52K285312455LA
160,Hyssop Loosestrife,Shanon,Murrish,n9bl427676Rq120bD1e81goDy0v1R669Yh2H58N2JjjFh03P8L
161,Estuary Beggarticks,Helaine,Sunnex,70421S7688j7O90R26q58Vs52I3us3YRO489G7E8u9097w87Y0
162,Trichostomum Moss,Robinia,Kivlin,k1m1KarM0206guxIA5772i070Wa8qZ0160yG30a1S8RW69l50D
163,Carolina Nutrush,Cooper,Larkcum,UZHSoA21j84SS605657YJ2R8A0V87gG8aHpI8JyC26BXo4W295
164,Woollybutt,Adelbert,Verity,r4WWqB50XB997d3J1e30aa87PzoP1xu1M857656a6U3kV6p1vJ
165,Mountain Melonleaf,Jorry,McNickle,Xyj4sXLz31639z38i4P3qZKl2S98pS2122mK37nsZ0OzR4Iln6
166,Yellow Nightshade Groundcherry,Ingunna,Dunne,4sQzOj399Mc3460PI7PS2bPB26E4TX0938o14938n9I2y523H4
167,Puerto Rico Devilbrush,Pauly,Tellenbrok,7z7DH10U5w8750T384A4Vj7ji4Eib6733kD9GhQ4vv06JL712o
168,Rattan,Verena,Broschek,THW2Zga746OG1XLw0894r1144514jL9nys03aw8gF7mXDIT6J0
169,Callingcard Vine,Lil,Gossage,2a8C4J8omkJH85m13825m234xLOO52c68ZlYB2T1a8x06zS8b0
170,Little Larkspur,Renata,Fawssett,gI470H1b15ay3KI9358n25CVVPe725D9Z9mz4p473624F6DroS
171,Buchu,Shina,Reeves,0p1EL2iM6nUJbT7ZDE68413SV69w9232c5a2O563e3s0JE5W8R
172,Grass Of Parnassus,Tyrus,Yekel,QPYD9e97q5D094og40M6e9hL923i2ta1c9X7K005393f540y4R
173,Chinle Saltbush,Kikelia,Britee,5Fw1x79w89z6t982o7Alb9K774M0216R5KtK9yIjc4YB7vFtJX
174,Spike Lichen,Arther,Bogeys,c82RJY8794BVP5767J5pNA0W7c22W58XpB6SQf801me0c634c1
175,Pale Spikerush,Jeanette,Zammett,Q7HSG3V0xZ3F65HLS662Q733D07j7v18V722Y2X570s43H6J07
176,Cuban Raintree,Danella,Barme,7h26683Ga6960893E2Me6p45JR26q0gqVoIwNhs67hb10857b0
177,Sparselobe Grapefern,Carlie,Burton,NO97avuOd5oOlGaWd327q27D4537C32sa0H703H591977VyiLV
178,Featherleaf Springparsley,Glen,Main,nBgR1P278RP6pJwl6To23741dq7hO2TGu0545lH743A0J86Q8i
179,Forbestown Rush,Brigg,Gilardoni,49rXs4A3o169VMs1U2e23558A2YtX1886dPHoO46KN4OoF4z83
180,Spanish Arborvine,Ailis,Poulton,88xy2dN6RC14OoXND06A446ntprz82WD8QPLP861NILe90c28p
181,Dot Lichen,Marchelle,Plimmer,24v1vQS4wLa3pP588w216D8HnZ65BnPM4t4E1E35C1T54atJ50
182,Nylander's Lecania Lichen,Sammie,Zecchinelli,j4T4zz377S65VD9G29F5n38073mPmti2h0mSts2Hqe549sUd04
183,Longspur Columbine,Robena,Laurens,zU7hfNp3s2wo84GKL6NjllJKZg2b7a19z5J1gsFJ77Ax3H883N
184,Bracted Phyllostegia,Giralda,Dow,q7rY67C2915M17mO52jy36C985u55FD76316Q07En08o74ygN5
185,Tree Mallow,Lamar,Yurkevich,6E2VVn97f78cL5qAhjrz2W314V4A46EF7a3jhd7UTH2P3t78z6
186,Velvety Goldenrod,Raddie,McCanny,6OJ8c082MNbkH306d08yeL34Y80zei60vl8oIeu0nK3X5555Xh
187,Tall Bluebells,Eleanor,Moulson,7s5k5pT0R6z33N4V1m95n53n5rG8488G8210U64IP06EV8Q87w
188,Jacquinia,Cynde,Kingzet,H317K2gHs6nMm589w578x4IbmS5HkF0OI5z1I76VpW376225sq
189,Slender Hawksbeard,Francklyn,Liff,UXas1310d1uOk2nqs5fak539AuU5T68g7b18u3088qSj6N40AT
190,Hemp,Sam,O'Concannon,7yjy9h7tonY5D42FB7hb12X600dz6Oq9QI14SOK57AV112hS40
191,Hairgrass,Oona,MacGeffen,Yea208i919p5qGKP81wac1U64j6kV28Ea1XMPA67424H224o06
192,Turkish Baby's-breath,Skipp,Ireson,Hz3jYtk76J35q392igLq3IO66T5309aWs9105Z3CFRs58YJ208
193,Salty Loco Milkvetch,Suzette,Shimmin,5Yr01H7D114zt4B5wrhh0RY429pj7Dt200426zK2k76531Wu19
194,Napa Biscuitroot,Tome,Toothill,6a70yFiE2Mw7bmC3122ijs7Wf978vtIkYFL1X5QI8qLHrJe589
195,Rainbow Pink,Maddalena,Maginot,921089549gz58H61X8FG0V3422f5X4G6g310009z66SO1gK1BS
196,Northern Coastal Violet,Karlens,Filoniere,4LvH4795QEzDX92120U0fj6AOO2L6F0onA9cfUGRf7Wn9OWx2T
197,Little-leaf Angelica,Laurena,Simkins,6Y2687vciM1Vj2II691978bkVNh9Z332hxV138o0nZWGbWm5X2
198,Graygreen Thistle,Hazlett,Prescott,pXjeB411R05a9hp8XWVJmx1RYcueT8j91e6m586bvi7Zu39G8t
199,Boynton Sand Post Oak,Caye,Brecknall,755hqJ9X4es0Xn26YdjJ1sM8c1r1E3ox1W086kZ462h45h5wm8
200,Dwarf Cinquefoil,Vivie,Jewis,oiOAS01l7a471A0nk0H45D554d6l18fb5U31q85AvaAA3D0b4G
201,Oiltree,Kristyn,Detoc,rK2OQr6SRE8g5RgY440l0ec519X4QXe1av2Q4Y1197E00Jn4Z0
202,Rock Stitchwort,Jany,Simioli,h8UU326lY782Va6r7oPB6n5I207bT2211ZzJ8G3NfLDa9837qF
203,Narrowfruit Braya,Martin,Adlington,B4exO86T0xZ80g4Lupvdv1N7ygt0114019ZDp4n8Qgp6Z8Bp62
204,Pacific Aster,Dorian,Le Barr,se9j2611CB15M767sQFfapX6LIi2f04jv320U1eQI21zK1l613
205,Devil In The Bush,Kliment,Caltera,56t657977fzq58nixcO53954507KI1n3123639714x45t59ASu
206,Yellow Gentian,Ursula,Currey,DEJBrInJ9lL35Vo7Q56402q238Fli3wU26IlWu1I855R68rs1g
207,Gyalectidium Lichen,Kristofer,Stopp,N4w68D427d8s73mlK4e00r1245S893Yi247712N84J9b6B9Vq3
208,Sierra Bluecup,Ewell,Cosbey,f63299Fi6zg52LyPgkYw9vYnHg5DvuJ3gw01O6K07dMNtbk1H8
209,Largespore Ulota Moss,Aliza,McCullock,Z9NA1R7yPR87zi1s4f0n846t6MQ0HQ51056y8zPNI2bRufB5fD
210,Siamese Cassia,Lucy,Cesconi,4U0rjq5F24va824UMU811Ab55867FS43p92N881w4M7x3X0nMG
211,Conejito,Bunni,Metzing,17ETG4B93Zz0F58q7j4ym1FLzsWyW4T59gCnVnC0RN54pdrS5D
212,Mountain Draba,Willi,Mynott,P2J06aRIHJ33j0LHB2NF274283w55k883r19482Bf1g5UGB151
213,Thickroot Tonguefern,Lilllie,Jakobssen,7p4GuU5m3Jiw7bRC8AhpG9B44F7ta06NNBLI5P1t4X37N783Iy
214,Nettle,Sophia,Barnardo,DewtKNQ1pJ7X0N66qmUCn7W9457E07j15877K7EnM371MEw65H
215,Heterophyllium Moss,Carol,Rikkard,2Aa30Q1m6S047EjDq83LhTS952390I97Z9K638a1f531F4D495
216,Madieravine,Aindrea,Pharrow,63fid83wg39Fn02361sI9ci19cq24hKA2A0S0P1EjC51021748
217,Cochlearia,Perry,Lathan,738W2K7yg3kUYitW86PK193B1cR3HdX982yC21N392377c31h7
218,Diablo Hareleaf,Pegeen,Callington,e43w17wQ5iRbbFxXVj3z08zd184df67E9yf57NWB3KlLz2j3yP
219,Crimson Bluestem,Clarke,Cleaver,66M6540hTSAKaDYZpQ3V9kF2r1qzB196J5wbifC4e566WUu0gu
220,Ringseed Rush,Rawley,Siss,Ha2y5ALH04fy383588A2806iC97Mc518fB90X03chop2JlJd25
221,Johnson's Fishhook Cactus,Nolly,Esser,U9Kz99jf65M48r8v96Y6aT8245d27i49wFqC6tox86md35j4Y3
222,Brachythecium Moss,Kinnie,Kinforth,Gw7Fm9xG8m464BF3052179E557Vips327bkBW43mycM6M087n8
223,Orange Azalea,Radcliffe,Willson,kC05Fr1mSiO09Z2e743G9HDtOfR9Kt5Q4v0I0700k72471ycVR
224,Grimmia Dry Rock Moss,Noah,Parlatt,02U50oZS4BE625z6886oFVA1mb35we588uqNesZ3plX1983p4m
225,Octopus Fern,Ludwig,Essel,GGK4K0SyA9035uDNz7211187N0u1u13L5k0H65gHZD2EEk1kr2
226,Palmer's Century Plant,Cole,Dabels,z7PN91JS1217v127A2V579061Rq49OM295245j6V5qdlbtUsUx
227,Addersmeat,Aaron,Threadgall,597340t00x0J0Jb8jnhU9tY26t90u1Jx28c364so3RdQ9z87T7
228,Garden Huckleberry,Roxi,MacCosty,3CL2SuS2O4z43g26PPU153598A7u1BN2ESMar7927O6z955Ur3
229,Pachycereus,Inness,Thain,1wIyMWrw63j124O89yrFB1041Me5yF2TV4K6954D28Q252s3g0
230,Possumhaw,Cinderella,Godbold,bjOl0AjI55T5wKLz0d37jG0UR2V307v8r9XpR1A35lSSSiKdL1
231,Common Cudweed,Kathryne,Dundredge,0uKsIU96XQSxRb4nsN553B7zuN1Pq14Q3ms6f1T0Hd5J92T13z
232,Eared Fescue,Kalle,Janning,kn88R22PL009R50T341vaz808Gpv5b18Ft3741bM67Y6Lk9623
233,White Blue Eyed Mary,Rudiger,March,Mhk4b65r483y664062mmTPITs5zZ256536256vjc4Lrrpd6U18
234,Damask Rose,Josias,Nuss,00n1kgn7Ti30Pv4JKQRN071U99b9s769NXvM702K61r72s86h2
235,Broadleaf Lancepod,Joyan,Birchenhead,81h69Pe64xx9s305eQH73x229h19k55Vk8187002W82a1l0a55
236,Milkweed Milkvetch,Hunfredo,O'Feeny,LiyFB9QV83Lo68158z88V0j8075dNW60qR7Fpc930i3F6DY68h
237,Didymodon Moss,Archibaldo,Crosscombe,75245Z25WE045J46bsiWLea2y2S777P65X13n5289KR86BarxK
238,Arizona Willow,Mahala,Borland,qL6h1c1D47e3d9165V6217S45403xO01061F5Jjzo4p74kft5A
239,American Barberry,Welbie,Laye,Szub46D10059844vB2Dnz2CFGUwi7k7Ub6M4dl23E0Q202DS75
240,Handsome Beardtongue,Dyana,Learmouth,74pS56fse72mV301520e532421k6hh4tc909gX98bOT4YVlC4P
241,Smooth Saltbush,Alva,Bernardin,fJL8q250W07pr8784r4xf4jS0y03G66k78o7Jf44D7zD57jgB3
242,Sulphur Cosmos,Edik,Stuchburie,26HC51nW1ze4184E299u039U50ZCUI9142CrzrzBe2A320zU8h
243,Slender Muhly,Witty,Meneo,724k3M4466XG3sts3m7aB1CD60UDjb06ZV7091E98U201i3526
244,Cuero De Sapo,Arney,Farnon,6B7K520H01Qn3H6Wb84175moZ43Z5n040X2690G9iR4e32Ywe8
245,Humboldt Bay Owl's-clover,Luigi,Wipfler,U26VWmk8U5vIeM1y68JU24Jv7T0hD00or3UX4SH9V6s6h2Ro32
246,Sensitive Fern,Rossie,Regan,R8sip018yQT6S2k0gf5g8931ei675oF7P90q63f3B38mA5sgS2
247,Pecho Manzanita,Mitchell,Feveryear,K47G8T9028x9NVJ5L8B571Ksl12K061z727T2JmIIHAYBd1agh
248,Yellow Pea,Krista,Crammy,5i969n54U647zt17Dmu64H9ul707E872057A74LL4g715EE27H
249,Bent-foot Speedwell,Harley,Markey,qFHIppd782ubN43p6a03Q96K340CVzj7kx908i476cE3j5563S
250,Megalaria Lichen,Ketti,Danaher,j3tc237PJ66fb45DQA19Zty9X5SON14873fs21ybu53W1Zqjj7
251,Spinystar,Emelyne,Piggrem,fEFI6NO571M2S276GI92GbPC277e44294uI0kO910698sj343d
252,Boatlily,Juanita,Gaul,92Y8b30ITAX4XS54w1Nt48lym4801oIt260sI60bCQY2KT6LvD
253,Smallstalk Necklace Fern,Osbourne,Silberschatz,8p1225yAc7545eq0t8299F04kd9lySvh91ua6VH4H6nD1J6Z5U
254,Ongokea,Lock,Chappelle,94E3k429691Aq1WJL59J5u46uUX6cks9l2vVD1p7Q992CMo8d2
255,Jerusalem Thorn,Rene,Ibert,40K4QJp7547IXZ0f5byv91H98y3il830057588K8yn3G36d73u
256,Grove Hawthorn,Tammara,Grivori,0I48FNO5HBRo4q38802imRkx3oo4455H558un1JWK1tp2S5I1l
257,Cheerful Sunflower,Giordano,Lindenfeld,e387I3nND8RW06aE8504T1BX3s46jHmiy0B33N88w095865ZHT
258,False Boneset,Vittorio,Padgham,55P4qE197z55b10o1h84V51Zc16n33Y99X7xe083p35pO69H8x
259,Big Tarweed,El,Hansill,04a72p1x4S76407G0zIG95wGZ92WR2u7vQRoog9se475w68E8r
260,Mexican Creeping Zinnia,Biddie,Holston,93JGC8D0i24db682V04iA24DJ49e0X862b3976P714v38c8s42
261,Helecho Gigante,Culley,Hastwall,8jiRz5KVn638C3y2r5i8Uj1494fDx3RTYI8so64l176BP136hb
262,Shieldplant,Lida,Chastang,330bRBF6Al3i4v2O05Si57069B0079wT18A854tOW7nE7JB7I2
263,King's Beardtongue,Yurik,Vouls,5ZE85h45l096E85Yfa86C2X9G35tCr33423094706816Ru3j10
264,Sonoma Ceanothus,Veronika,Mickleburgh,40X7883o7s0Gfb6G4uj6w589N2ugoLd9EE2Xg9633b3dG2Gt8r
265,Silverpuff,Luigi,Tadgell,6Y46xw3OmW865fn0451lm90KHL119ex99XPCrxRL43249F1FRm
266,Diplotomma Lichen,Jasmina,Serrurier,n1B5f1405nvG34x6VR2a0q588sy9fFwJPQ13144y56LZ9fD9ev
267,Myelochroa Lichen,Sanson,Coath,82FX0kK58oO36M67sEbAY222hz8kW7KKWR272t208Kk88RZV3T
268,Shea Butter,Harri,Marklund,pnFj92uujD15bpB3C2409I8313OM6177121465sXa1425w8829
269,Hypnum Moss,Travus,Laban,22j26cH1YQ9H2zg88po92v4H0389Cxw9SF8C8yHv746Zx61795
270,Bitter Creek Phacelia,Raff,Tighe,s1J15aY55jQ5b797L37dD3A2slyTn982qT99Fi8QFbe07D1t5h
271,Burrobrush,Shanta,Berthot,g703075pkDTv6eIfN8ZQD522xhiozKjX7847wuZ73950sBIc57
272,Silversword,Tallou,Gerauld,99P3fJs26piU2sMX0x854H56wN82vHxc91Qwm2Z8G8m0W6x5XM
273,Wildrye,Nathaniel,Halkyard,v3s69K0rS0342pR06x7b9g8663JP3Hs96956p8Q354w5zl7LQ3
274,Myosoton,Guglielmo,Syder,nC5y6dR0hk8Fyf3bVU6A49Cch9t81Kx24q41891MvD351J0Vu9
275,Ballhead Pore Lichen,Montgomery,Renols,1R7Yk57114v1AL5T7Wj43CI92y8O75Kv2sEy83w3uj1jtsvoL4
276,Scamman's Oxytrope,Fitzgerald,Parysowna,8yO3641KZ380I01EZGV7e3b5pK1b37Pr94VZ19GeE687i1006R
277,California Goldenbanner,Noam,Rusk,8S4V7WpVmdu2CTP5BF4o74Tjr1792X8k3S9B1c970Cmq8Lkqd9
278,Trivial Absconditella Lichen,Konrad,Hards,7Q85cwdztXAi668Wk1Z3BDP3A2GZGjS0VK26xZ85e98G2NW39G
279,Cephalanthera,Evy,Tuckley,867495jL00m4XkCl3JP1XfJ4O9F5eiI4Dv9kt8Un44eFul527T
280,Fescue,Babbie,Rattry,UqGA932r0naAz4k2315lo7xE5OK2j1v0UQ294328m3pBa9nI4I
281,Bullatina Lichen,Susanne,Bowker,oQb2YuE0S83c0yj784N90X27qf178vp1B37502635F7zo38799
282,Gambel Oak,Bobbie,Ovendon,333R5feN9sVc0zD32yu30HpP0z3CJ67yfN76lwB35YF26a9n2q
283,False Coffee,Lu,Willbraham,8Ac7Fv5GeWw9S11QOV5V9044003FrE77PJ7Ue8i4aJSy044EzE
284,Lindheimer's Bladderpod,Wallas,Spellicy,y87927hI59jh031943PuX1Bkxa68797Awanmyt83B4299u748k
285,Desert Baccharis,Lesley,Swinerd,w423eb60904eXPP875kupNI0m26bkZ0vxwk8x1748j48834o0h
286,Mojave Linanthus,Carmelle,Burel,6L66A4no8Q7flGgJqpmnv6Jk638sRuqirFM677j08Tghe9I7fh
287,Tailcup Lupine,Goddart,Clipson,V9akC9q1uzR1NuZNyjR5vd1h404K2122he0N8xMUFxEM2805tn
288,Georgia Sweetshrub,Diego,Berk,9EaBQwW21T1vI2E00i37P2SqKv9SB8G282l25b10427AfV1d5V
289,Crested Arrowhead,Rufus,Rist,Qg0kIZTHuTM11LXsn9PFb2hZ5917t9uB9AUt1JM9R0A4T10h7g
290,Pinewoods Milkweed,Anabel,Basson,34P6z33nipmR7k9MS61r5fjAnm4133S6Bzs33ssEt8442n110P
291,Slenderleaf Clammyweed,Eada,Larrie,20B3M9I753L7nK69i74ABN719889l8qqKOLYil8774h8gqvXl0
292,Manyflowered Ipomopsis,Krystle,Grodden,iNO52ZdSOx0260iw7u382O5A3xw451i3j890Ow5xnRtfWQWP88
293,Rabbit Ear Rockcress,Jolene,Janicijevic,9rQE766N26U1J17998d876511T7585vA6w52EX336R1jj1Jp27
294,Doctorbush,Jillane,Huebner,F98U743R637d2604956Hg55V8q2506s2661kdguIU0d804Q4IH
295,Cloudforest Magnolia,Dillon,Darmody,r5ZfQ117024856G95809o0154jJ7j0vS59wn2798J1d44Q15Yn
296,Curtiss' Beaksedge,Halie,Brusin,Zd8w2SEI2iOhxwq80X2k297xym95A391GADpO294Cz35v6ZGF5
297,Airplant,Raleigh,Gregoretti,g6PSL704qjk62Zax45441B1W91C379Fyo2I9860pJ9s374lP18
298,San Andres Mountain Foxtail Cactus,Shalne,North,kx01F31PAR4r24A5n94T8889EP5446R14y1cj1Nh3GT109YH20
299,European Stickseed,Siana,Marchiso,Y9ho8r581NT0Qa763FDMl23c17944UOS48Y9NL5DX3fF8cvyNY
300,Helocarpon Lichen,Drusi,Terron,h0Bz58363A33fzT1cx9ZVuF5Db6gniOLB9k1864C3lZnG6fS15
301,Custard Orchid,Fernande,Justice,62sf61854JSK25yR731rgLBu2K831992J5l5FkBiP4d2632uP5
302,Snow Lichen,Terra,Uttermare,q8zP8425r4Z7wwfwW8S80N17k8QdIbo62lp70LmCajM9Vs59zv
303,Scaled Cloak Fern,Melinde,Etter,2285535b4Oi0o5GT1QR2013GEl5R0g7v9ADABxplO65Q2NgRq1
304,Safflower,Carena,Hacker,f8i51BZ1S5zf4583Ket016a4Mc5Y0l1B76s916cn4596ND6393
305,San Bartolome,Ber,Albertson,82468509n9B62EvFY19L810710Mc6O9f2Z66ts02M39l48v47a
306,Cleveland's Horkelia,Patricio,Whitsey,29ty0i0l607C14lHD56o95350O2p5RGWw95h9EM249W3Rp88vL
307,Georgia Beaksedge,Merna,Wooles,PAr5cEo2W947z0r3DU1mxRkXI5w34MY2KLj4Y6vY938y4wa24K
308,Jamaican Lellingeria,Gerianne,Calfe,5i7ui8396ud8UE8K17E3Hl1z8Hkw2X96KtW5c6727kZ0gaHm4z
309,Barneby's Phacelia,Joyous,Fincken,Apc46K72n2X0dZD68Gb25Z67295tXRIW5uN2J04j1u6x13Qdi3
310,Mill Creek Agoseris,Neile,Abry,2269Wo6e6XGi6vm4Rp47011fY4Vd37P0s5F62J56dR85j52mKR
311,Stewart's Gilia,Clary,Brennan,r61pkSJ1hRjQ65XP68989B0g50O31VE8n1vqh6Z08zVz40811Y
312,Wild Sage,Artie,Hulland,R7M2x3K0899g4LfW5A340h130l3b8646gLlfm711D8e59lxP9Y
313,Alpine Cancer-root,Jacinda,Woodus,7woa74n09849c3AL40QJmuD7XJ9cX5DR07tE9zragrhj07j12Q
314,Rainbow Cactus,Sydney,Behne,nxRc2G652GEm3ughm6bp9545GY4031oMAX259Z5u30c7D458Vo
315,Tweedy's Reedgrass,Aristotle,Churchley,79t2jaM16t3988vd2tMU0165gNI94se8p49N035Wj1pGhUBm42
316,Luquillo Mountain Hempvine,Alvera,Stannas,4Hw8jwcV6MZrt7V8498BSG205OKq64KV4j30vLS673R3v0K9a3
317,Davis' Plum,Saundra,Plank,7B61dP1bj4Txd25M500s0fK29kXc3f5U34358z80WnO8jj056S
318,Wisconsin Penstemon,Meris,Gosselin,kURD2bLxVT306q2oZZR16d7W82P11i55Br8KS8jb3wO966h97Z
319,Hairy Grey Heather,Kile,Duer,4dT3BY484H7e2a7e1a68Xa110PL8Y4K266I7V6a3465O878138
320,Nelson's Checkerbloom,Carmon,Tomasicchio,2fx2920aH7Yv4pJGLQ07y1991C87Rl7Y3g0j8UU476NaC3HA72
321,Cybianthus,Quintana,Placidi,E1K87l3BMOG7J78063B5u4Vj51xGm6IE0Jp24hv24t1a5EEC51
322,Anil Racimillo,Julita,Aslott,3r5XwmR1OZ2rY8pJB8typvglH506j26ipr7gqA2X31P6E0i22e
323,Bigleaf Lupine,Bea,Woodwin,z9As44YFEE8u2Pu93K54C6Lt9P3ej2O6z4E63oV894f3hv6K49
324,Hooker's Cinquefoil,Shauna,Somerled,9GLT987D04h46Yt9090gQ137026xn9Nv9FWGP9V1Yn24422T6l
325,Neal's Manfern,Latisha,Desforges,77316hf841qzC03idVsz7utjQ4kE6w3opo2ZO673aha5800XR2
326,Greater Yellowthroat Gilia,Ilaire,MacCaughey,74h33mV0D4629679F929m71I14070r99esCVsN67m722pO0W0q
327,Grassland Beggarticks,Cyrus,Sibray,6w8J9w676H59kWWk3I0787dOJ14T04U12U86tZ8K764im44389
328,Chapman's Thoroughwort,Eustacia,Fludgate,91OMd29E50rEBm1hES8W7f4OE36N0TUV4n026w696424PfEvC2
329,Red-flower Moort,Doretta,Flanner,qge3lRhJU8l707637Nt3c9q6j2287YH8v6hyS0H7gcY74816gu
330,Mountain Misery,Jenn,Macieiczyk,8R8OrFA74T5645N4393Ogp5Y1I9V67ZqjCsr1bQfv772aayRLz
331,Desert Valley Fishhook Cactus,Harwell,Blindt,5V68MLYd8ZkQ1PC19RyZ7B7455sD06n5FnY318103nsmCkrHx4
332,Heartleaf Skullcap,Letisha,Castellino,Q3ZjH192U2GYf3550V6N9Y511G78V426Es6144p1YD6gAX2E55
333,Alyssumleaf Phlox,Maire,Hicklingbottom,R3Z92a5650d90R0z85g4U8rN64K4aQ509165I2v3YIdKMnH12Q
334,Sulphur-flower Buckwheat,Demetra,Szymon,QK01s8mSv8xFR283uagjmZ78D32Q028wp03qC57075H15pGS94
335,Sandpaper Vervain,Gloriane,Ardy,4X35pk469s5j0Q7Z4r9186e8on05b03377I8kV058M11K8izM9
336,American Tuckermannopsis Lichen,Harlie,Struan,68TNunnNbCS3v0av3VPxJ3Mc2j25aLS12RTZ4y61897E2TX5oQ
337,Rush Quillwort,Dotty,Terne,G901YZq839K4and72n11q615njk3C1i6404g13884A79D5dT79
338,Aesandra,Win,Dovermann,x99k425l6o948k8tqtP57bU1BaL292GAnEV45ki89f7pQz925D
339,Rose Of Plymouth,Bernarr,Radbond,39G19jMUG529jA2736Tpe33102675u1vW9WS7oe95Z3xV3MPm7
340,Guadalupe Cryptantha,Jobi,Twede,YPLK8jJ8778b5d72AqH4QT361Uy3q7CI55i984K2309Tn6r254
341,Stemmy Four-nerve Daisy,Jamey,Pirdy,63kg8BU1VmnnhE9F14358lxj30fE129qR56yc9kNLG5c3FQ67A
342,Alpine Bellemerea Lichen,Kirby,Winks,v8c6stx46g19zFiGo14Bn33sja853vW9XdQ318y18E8224035u
343,Edmonton Hempnettle,Budd,Laherty,i0F9Z4U16EqE7903c2E301GCRpR27S4TQu6O6034gs847T4L16
344,Rat-tail Grass,Elwin,Stringman,D1l2u9R72sP86w980A0c3NaGCx4v97t143D5224gS63w3725B9
345,Scaleseed,Karry,Knight,76wj4i8EaU80K0586PJkOK99328NoTwf5G08520o1QF1doQn1I
346,Dog Violet,Wittie,De la Harpe,b3S3LF3194189y3M99JHCTj7G8Q6VZUX3o67A9K1JFOFRgUJuC
347,Nakedstem Livingvase,Corney,Pavis,a4moH62rdm5150i0054vg4941o378kF2D31rZ101AWXg352619
348,Hyperphyscia Lichen,Kerk,Pundy,kTR53kYsLh8ze57KL5sL50z4f1h1M7h398k80f4880J6Y53v4u
349,Lacy Phacelia,Jeannette,Cornner,43iWw2lT0pr4k528tnQ3dN1O47p878Mc43jkNZ97yPVq1Su137
350,Bog Goldenrod,Francisca,Honeyghan,K2S8E66F061pW302175juk4xOA068t767brL88p0xi44vk7G8E
351,Seaside Alumroot,Gloria,Grace,Ug2D2VE6ZP5cwu03uDY5UoR88xg4c8m33E1X49B408624W2L93
352,Waihanau Lobelia,Sandy,Zollner,0r22202076DJ57S7S70ibub16EJ4j09803a63lF2dNo08jq2BH
353,Bitter Snakewood,Trixy,Ambage,OH8T74k8n6kAJ7cRsMtSAV8T7DJ99b0i585z6F2i933Yy296U6
354,Hairy Grama,Augusta,Rheaume,20Ez63342KJn0lYI7Zp04zQ3y65tH1701609279B6RHa916QZB
355,Dwarf Muellerella Lichen,Waite,Shankster,13Z102qh9raMA16co558CB477Xe6d55z0e33E42X53W92256W3
356,Hog Plum,Lena,Eddleston,B1125HEAAlnc64lf20i6oGTyOyj60kZBs57791N806k4f3yQ59
357,Anisomeridium Lichen,Avis,Assante,66yTj7COO020e4R56Ky7S8Nrqn25E85yzJr9nXU39zcGv7aM67
358,Tiehm's Milkvetch,Clare,Elland,Blq4y9h360yR8O79HWb6Z4n9To946O529wAqsqd1Mbg7v65C93
359,Drops-of-gold,Alisun,Goddert.sf,Etb6y0Fq7g5U1905Ji3q57D35s3MRB23BRoT41y3R8fs40UL6J
360,Yellow Pincushion,Concettina,Treend,0o036v46V18AV5d0S0a2XZ8sP83Y7J0MpPz3GnOX0o998MVOKn
361,Clusterspike False Indigo,Fletcher,Musk,98qxX8823Qb234sP077L15RW0h696lSbDSzY032U234zb3I42r
362,Salmonberry,Una,Edgington,ch405V3a77hYvS7yMUdx716729IT60368dE0G5VE5iZ7804k59
363,Picrasma,Worthy,Kenwood,v9FwV6v12kA223z2292Wmt24023Tq3v189J14q7296B45ba3Ay
364,Ctenolepis,Sheri,Tobias,5v81U5953daP6RRC81K71g7As5Za6FDW7Q2byQRk94H72PzX7j
365,Southern California Draba,Benjie,Ecob,499Wy903100v46dqnu06UC803Yt130712VWT78XtE94tfW14Y4
366,Brewer's Fleabane,Ezequiel,Estcot,p73tT5p89Q2IC142WRbN32949zM2U1lz1qe02YxT8855JOZ658
367,Quayle's Ragwort,Perkin,Vallintine,gdIh525Dk20di1HXh85SSF0ghaz5zG476LB8EwY739o42c09t6
368,Mudflower,Elwyn,Roylance,k4p4Ss1O6506Lom3a9fA22LiQz391ru15A8U77DR4h7aC6Hy44
369,Scaly Dwarf Polypody,Winn,Bummfrey,Fu03905479ijhC7HJ3xjU28btcxx4WJb158asrlm810fhm1d0C
370,Jacumba Milkvetch,Lucien,Martinot,j59R4kkoZUk2f60qY956i56XB9Vx24v2W2t3pX130m1Ch2N877
371,Allegheny Mountain Goldenbanner,Stu,Jarratt,28K7P02379p54XC03GxOkJeRMk5MD65kNBp01QxZ3Jvc8Ze14b
372,Striped Twinsorus Fern,Warde,Ginnelly,i40593q8u8E6dYY5Q7V733f14m4Jd398O9La95d0uA8YM3t2o1
373,Shrubland Beggarticks,Pen,Wreford,9Z124qj5067b63aN40Okkn417TN9Y2e8219yE2EXWb4mIIPn7P
374,Hairy Bird's-beak,Henrik,Stidston,G4Uk574dT1G84LO9d4ov5NH1BZ2TW28vG1x9r2dSo25QiS7iJ4
375,Cheakyberry,Bert,Dobson,VAIG354A4d9k62ve2Wz1446q883Oq31LL4G1SA658Lae72cK64
376,Jamaican Broom,Joscelin,Henrys,1R9s2b65X09Hg942e3EF4s7098qn4p515w2Y5L0sES2546yYNJ
377,James' Buckwheat,Nehemiah,Manshaw,wXGuoY479q3902q42mFF9lg9M19858z1B6v60x6158XsmLah17
378,Hairy Ragweed,Benoite,Chellingworth,M3sjIv8Q9r84I3n6fZ1ZEm77j11v73KFgwEV8n6Q4J0Gm5Z149
379,Pylaisiella Moss,Bran,Instock,pF04u12e724x01yT5ga09X87Z11eqM68i97GuJs0Ja47px8913
380,Pinewoods Lousewort,Dasie,Bome,q5Ny91G1E535Kk4I9vJZ242ND85eB1350T9x29ApBy9r2MN81f
381,Wart Lichen,Der,Gremain,5a6mxpKa8797378LKFOYDAUJl15h015oFqjoBJ4xnMX3G5p957
382,Hybrid Oak,Roy,Devo,693DfTKn0i15uM3rI97xiz8p2fJ31f64fyP0h71708ln6O5n8W
383,Hybrid Violet,Evangelin,Powter,6jm2K81872i7VJp9YltgE6IgGX0Kr7387wO1yr62U32aLcgatR
384,Lovegrass,Maridel,Orton,eMZz5524r4H44L1Hx8XS2h53831Y9N4I10MJv12Rv7N47L9X7V
385,Tatarian Cephalaria,Alice,Kaindl,L8p53j6D6E337949f189XLy78m36999AfNdG7mV6p94ah56SDp
386,European Marshwort,Dennison,Senner,7G2XS46t287u4KIF8mM1rX77sIE48HpA4rgi6JH46PsM66CSVR
387,Tranquil Goldenweed,Keelby,Sawle,S7tN386b436jc94z9e6Ua77Jp62B8HhFeswB7Y9b37b778D056
388,Smooth False Buttonweed,Ase,Bedin,35qSE606WAsD1JqNzwG2EyDj3VEI016I2844Xcs4i73o88L1JT
389,Stinkingtoe,Ninetta,Stillmann,j37C3ph1vj1W2o5r08131b8e69B9e984806046xc6F98e69699
390,Lechecillo,Gray,Muggach,880bbV7jq945b27BVk0WAT765D9155935522P7cjYSA1TB2383
391,False Foxglove,Klarika,Hindsberg,2vpVH3vGaGQ0sy3A2nZ59V4h4fFk492659hFa0gNK57A1infK6
392,Tree Aenium,Lil,Agostini,Hh04vxMhO61Y01410oOsc0B64fsK8Jepte2Vq59678B0El1S05
393,San Luis Obispo Wallflower,Ethyl,Costin,Ks952B36a999Iq4D6y6332Yx0s6Ej2URtXj058vBx1o0288sz8
394,Fries' Pussytoes,Ulberto,Chastang,WO8x5dIMbuQu53yl180300H99JTB6MES6yFu59H3v4C1ON31ks
395,Blood Currant,Lucie,Broadberrie,XF7o2fj61r3132N504647789Ua338k4oTAWA2bpUlKgnO0i6uE
396,Shea Butter,Jessika,Valentin,0D7t50gI022K4yzm014n567tqwFIFJ7ZuO97Dq451288PKTF82
397,Riverhemp,Kala,Pigot,19847MO5518DVBh7DqXgMGt1u2I88s2l7R92Q19o94832S5Rd3
398,Carolina Bugbane,Hannis,Haldene,6Z59781dWY9Zn650zm8gfo09Vxus4Y4w67kP912EvO17f3Y2X9
399,Hilend's Bedstraw,Cathrine,Bartlomiejczyk,yZP92hF88338410y4920Y1TI5iTg1eaKKy221N45F703fQPW97
400,Domingan Pseudocryphaea Moss,Desdemona,Trahair,ub63k92WZE58za16K241305X2W98125k1GC5I4A5q6LA1yjeJK
401,Wooton's Sandpuffs,Ty,Mcimmie,AZcc611Ll8J4m58789y8cI93095x2dMFpqb6Mi73FsmlN59eF1
402,Jacquinia,Yalonda,Freeborn,8AkqC4R8BRc0S0lEVv5Ke18416w65023e89795G0790Wi9556C
403,Croton,Arabel,Calrow,1k71Jo349B8Ag083PsBanUHak091mmr2rV07r5I990q9EQ47TP
404,Apalachicola False Rosemary,Claiborne,Breit,6949R2oafIVz1IC333ghP0881T42I38xn5933dlIL8V2C2S29R
405,Torrey's Milkvetch,Vinnie,Thame,Wj21XmRV1FNS7RI6g1G770QOfT5u3VePM3nDA9Rj6tnY3M67Q0
406,Pacific Rush,Carmita,Ewan,ETy423HF94rsP4wyodZyiR081Yqg9Pk611U5P289Z375U40vlt
407,Anderson's Milkvetch,Bessy,Amburgy,I5GBl6S3H4987HZ51XT7648K22180zkC83b9580L71H782T5t1
408,Spiny Holdback,Terrence,Sotheby,68U11250wsHZt8o8zoX5jw92i6m4462vNA9438jYR9p5Ze3511
409,False Agoseris,Zenia,Lucken,eq5E8RO25i70r4g6Gx0l83z1sB0H52bj3Zf644S69dy3920S4I
410,Mahaleb Cherry,Neall,Velte,m67g87D8vV17zx62xl8L5q6m2I40W95Xk6V358o1T31l02go9M
411,Petticoat Daffodil,Jenelle,Barwack,LW162i77BU5l5x20397Z9Jpm685uUzqm9217KOdz1s371ZniWh
412,Idaho Milkvetch,Erastus,Readwood,0F4s80ZQPpM99oB27rZmB56E14F47v9d6o4hED6VgzLn240255
413,Sugargum,Garvy,Fensome,2b6ui3r8910J3K402TE01PG2Hit7s5X0iReoo15w0m7ON52L64
414,Sulphur-flower Buckwheat,Maible,Gandy,AYfh1QFp8wSryy6aYsE7i4kJt7jQ83vk93AcDr18icMq9v49Pb
415,Tuberous Springbeauty,Minta,Kyllford,0nf25Z45cR3g151I351VnGgrPr349rgOu0I20n7b454i59yrXm
416,Rim Lichen,Dane,Dulwitch,o992o611EQb39P8w22377IDbceZdDD5Xlml5M4W551k07aW4E1
417,Manybranched Ipomopsis,Elisa,Elsdon,CDmvr9Qb79bM8LPOa97fVxb6p3i654kgp57Z0392v2UL55Kn1L
418,Curlycup Gumweed,Von,Myrie,g2d09c32tmGyN3KOY6p278547MN64045abjBv7xkl3c72Lnx75
419,California Brodiaea,Pavlov,Bugdale,942JQfUk737Wi811gvfjO62742M03M0eds08F90456msFf7b07
420,Teabush,Lotte,Goby,86ao73t126618x4k30Nv3rdn460zB5950qh84ty40c619pc76k
421,Needle Lichen,Walt,Bardill,e3GB21DzCeIj108b50eE7Y04pj44yIB69jN1M5AnsOf0ey5re4
422,Tiplant,Mikaela,Gorey,4l210Kmc2l69w2x5WGo3bJyl0P5s11Q5b9Mwi3BHZ6Llkj2j18
423,Australian Redcedar,Jory,Goulborn,5JU5Mr5C0539a61K3M9Ucwr60N794r1aCU3DRbF1kSpO83a5n5
424,Anderson's Hollyfern,Seward,Pavia,9996i8z9K6v8595iXC43E0x47w421861qS0BW600157H5f5h0R
425,Bower Wattle,Matthieu,Corck,4OQzY8rZ1i1m0q8j95U1q3zJ9A9z58Gs1871Q142wl4hV5I9r9
426,Arizona Madrone,Marissa,Leighfield,Qj82e4971KX496p0883T7vEn2bu44ghfMM79b72L94A0O9Yq7n
427,Crabseye Lichen,Joleen,Studeart,Bn2v4u91M755812wR1337CP45xt403k33f5M0h0E7T5270f2NF
428,Lecidea Lichen,Che,Wathall,Utz6DFw9F302BlM281795N59AY274aRV4FFR78f0FXx69d1J63
429,Narrowleaf Firethorn,Kassia,Meir,s0TYHuZH7R0Y137N913o8Plh8747636o3xR930340k8zn3fhn7
430,Tropical False Goldeneye,Fidel,Geraldi,tJKHYF40N8l64I493bGFb31i9h4T1Q043NKU66g8ScQmV7t56t
431,Purple Bushbean,Cesare,Martina,463Si3vnT05905y74c6K83kmg0Pmu5qa4xo7Os4F1NZ49g4849
432,Kalalau Valley Starviolet,Harley,Axleby,ZmW215oH6691y32rEo2On09bPJd1OJn6700880602TA85p3649
433,Contorted Pogonatum Moss,Nina,Lipprose,yNrfuQ304NZ8O0HfB05R7JXZ0Cwuv0144Cd8z4c54vIexaZ59t
434,Dwarf Chamaesaracha,Tani,Matton,WC81v1251d86tH1Yuknw8cxjqU6437yIi7622p0S12L5W5wl9G
435,Raven's Milkvetch,Mireielle,Eastmead,x80IH9iXN378078396QV98hI645gou523hHTnCIo5q45HCYyG1
436,White Locoweed,Audi,Balentyne,8fTf243xshJ098766D1LD8cU9XjgI86LAX3D493Jg1R3dR8o7i
437,Wax Mallow,Gregorius,Hischke,6Ca4204l8637quG94n8Me4w05mQ3193a63K8z6053C58875673
438,Black Cherry,Rooney,Warriner,0i6B2b5e360mVCM7894rSo3Bu85Q66Kg5m45chGQ428IE5c9n9
439,Crested Wheatgrass,Jarrett,Cranny,52B1joJ78aDf5xRl7O254h22f096c8XJ69TsF9PO0Ds87km3uO
440,Cooley's Water-willow,Wallache,Ourtic,7Dc0eg4Pe26UPl56550IK5V4p791251Lom6ZY4fcd037Vd1Vw6
441,Brachythecium Moss,Clarette,Burnall,b170P64yUQIF65J60a70VeL7t2KG9M68V40286z6T982949T4E
442,Fleshy Star Orchid,Ozzie,Zanelli,02RNu88mA83517oj96UG3k81Ws2NKjyM3wJMX2EnV3h8950L02
443,Fragrant Flatsedge,Jourdan,Georgi,ITN868gp109f7681AxKH350sPM57380796hph973yqP81ILN6B
444,Cup Lichen,Julius,Beswell,U112202Wii7bU2C544kHfR185Iil8W06QQq30e76SU2oL17h90
445,Cap Lichen,Michal,Erangey,1I6V62k27e42B0M7x4O644O0D356Zc8472W6c46741Aay68uS8
446,Knieskern's Beaksedge,Pinchas,Malimoe,28S8725oX4U1he94e9Gbb2H0dS5X3fVGcDK2DvG0893641l2U8
447,Shrubby Sophora,Daryl,Munson,2DE65b184y150910P122HWA4Dz9Zw9Q2033lT56m1r36E883CR
448,Prairie White Fringed Orchid,Itch,Blaiklock,Ql0Y0vCoC1220r5MNJLUk2029Q9rQsw5YJ57z5bc8IBVZ2944q
449,Twoleaf Senna,Quinn,Costall,42Y5g33rQ4FP008R7I2309Yl99U07x43MTy41D13y088FD57J3
450,Horsebush,Walt,Caddock,312375ut497609j22mN2879l7wl5aZSl04w80594g32w1y4115
451,Mudplantain,Shena,Blanking,21x2I0hb6e85a6p172401Pr3G7N2iRZ51R45wBaS05qv8Y23g7
452,Fingertips,Avivah,Thring,7233254okKY10ydyowontapGN27u9s76T44aM51Qcc262Y8B01
453,Scaly Swordfern,Kirby,Hoodspeth,J636w58f309H49628q9n1W9XYtmV3NMG0r2uugG6y1sd552a02
454,Mock Fanpetals,Hannis,Lund,p21706LeBi17LaOd1QqH6UH972J839zm2R596hy7IfVF41R4Ju
455,Thunberg's Gardenia,Jeremiah,Ferenczy,a8L53I8w831H0v82388Shfr8QO2722slZV3aiJz27GJ6B24336
456,Canyon Liveforever,Parrnell,Philpotts,AkcN43g46UP5D4w4Q3a38R4E159H11gT6j2DX3657Z8N381oDe
457,Moraccan Oat,Joline,Dykins,9LoG70uV37346zcau696V5Vb7R5cR83N09dC3kgT0sq03o3o33
458,Neal's Manfern,Berni,Grubb,860O7313F54S7bG4Msehe12zZyCj59V71L0u7zn4D424W7P9pH
459,Cassava,Jarrett,Wilshere,23v565GrJD5B8ssl01WJr168295FTh18Bpcl91yJt8jZY68XFB
460,Desert Lupine,Merrie,Borrowman,0K8892201i7hC726Q8x4452Ix04k0wk15P41d4kCak73TkqV4H
461,Sevenyear Apple,Darrin,Jaher,nH1FDV07g608E8kK0u11S7k0s30yfzzt2mP893a9kI31bb4266
462,Wideleaf Arctic Woodrush,Weston,Fears,270y5NZ485Fi27CYgR7Y009p5KtfU8gv5lEB6F4yr2U702xqo6
463,Garden Sorrel,Saidee,Cowlishaw,uh56rrhU21uFMhiBOei54Z11V41W8615scsK1Q35346c83dhmF
464,Largeflower Goldenweed,Haily,Hartzenberg,a618No86ZJN44lN86683q577f4HB118RDL70003nP70K70N48I
465,Salac Palm,Toby,Purtell,iYEv721y147c1qDSSz2jfNis62D64Nd6039Ez1W12X0CIIV67P
466,Black Pyrenothrix Lichen,Georgianna,Marchment,438Sjo428n78SO5DoPi349O61M9R3oMDDAVv87X8G3060tLs72
467,Russeola Rockcress,Madeleine,Walewski,329Z09E5045Lz50Ngv55Y2F587F04U2k426hYUszggMf56hdIQ
468,Brazos River Yucca,Cathyleen,Leggatt,H95XSg7jnPkx67M8LfYC933OC0s5DFs2d43272352EH514kC1o
469,Norway Sedge,Yvon,Rook,o96o55LMpBur670r03Bix861tl905h0ND3qC8781DY7n35Yp1R
470,Freckled Milkvetch,Jillana,Hellen,Kq7T15BGb1bkqz0vCZW2b5S1cH7479v5lsMSQg71312Q4SJ4a6
471,Florida Pineland Spurge,Cesare,Burrow,Mk84ln05p8AtX6wS47GSK629pf336101CB9H957G7i5wR8B2lE
472,Wart Lichen,Beverley,Truelove,tQTt9Mxh0Y15do63i3cQ789i3W9qCiP38L8jpE0O1vmLL0VV0p
473,Poorland Flatsedge,Benedikt,Petheridge,b5k1FO301DYtRkFwe53kU561716zI905bB74iET6390vD7taK3
474,Subalpine Fleabane,Bret,Reuss,g0339F52A99v7l8B8ux15t65v64P3h1e98054zx2VCS3gm5KV5
475,Porpidia Lichen,Titos,Commins,3638fD1420suT4Yp95XVy29B3fDn705S75af473yJ671I60w02
476,Sears' Goatgrass,Rex,Shafto,Wo5RN9m4h84bV1OGZ001X9U436ZXeA673rlk5sQU6S20u29S7d
477,Demaree's Beeblossom,Griswold,Burfoot,w948k06ES32Qet0303a6SeyzNai44Ku3xw1d2345k4M30gSg54
478,Mourningbride,Wilmar,Barstock,cw809252afh49IOQ904YJ54SlfA63538731p8X49D13t18618K
479,Shortstalk Stinkweed,Ailis,Quarmby,9fs295u77H4vrxxdsJU7i7T9M1KU360JOy3649h94L4K7489E7
480,Blue Pussyleaf,Smith,Treweke,92v4QUKzJbKSN213gJ4F4479kr4RI1I835n5424g8dx204KQHK
481,Largeflower Brunfelsia,Giffer,Lackinton,56x9kHxS2Ep5O8r64i1AdG3qC6E53P9B0J4EDS3gq615Q4yvXY
482,Sabine River Wakerobin,Vidovik,Dargue,7vx420PS0HyY3Bq184cQKA7m352UkOz86Z32CSoL4oMdHY860H
483,Winged Dock,Friedrich,Sworder,g2y93872h26d57bt35AE0X5q0X37fx26g80ZBXlbDd5jd3A279
484,Viper Grass,Juditha,Peal,391671FCa91607Dg8Z22a5W4sFq66mAAhhNuGE8Gp83ySi4041
485,Little Nipple Cactus,Neila,August,PFSaGT0A689T6Ol69s54F5Prm6THv9Uc5qDR233E581U983Y1x
486,Succulent Owl's-clover,Buiron,De la Yglesias,R4TZJraLGph27898h0914YpvsGk6LZ72tqCU6td03O8XL0C271
487,Threadleaf Glowwort,Wilone,Munning,5IL4N022T7PY3EAc40Wbha05tu337di86I4RrOvOX016P080N5
488,Sticky Tofieldia,Devin,Heustace,M5v4O3Y60D7e23i0116326q77zF6oP70g855pFr9D7n594Hkq7
489,Crested Dogstail Grass,Barron,Thorald,5Nnh9x2sYz9ZZuxE343476fvpn7k2tV35N6jp4965E024f3o50
490,Sticky Florestina,Bunny,Rounds,mf50Berpd85861G4PP993x463x9M45bQU8LNPKj6lS18louwF7
491,Sunset Lupine,Wendye,McKeaney,10p91O820w9ih0D46yX8R3I7741q413y0C025248Mg26082801
492,Hairy Muhly,Emelia,O'Towey,BE7Igfw5Zu32Yb757aO80OOEZ3775MWBK3M27Fpv5O83sLP7nS
493,St. Marys Peak Bladderpod,Charin,Rose,Z7807Y39cgGtT6tSy830i5v729bDnpO5mW3p24V64943y7tRz4
494,Stanford's Wart Lichen,Philippa,O'Feeney,8Xo004NF9ZNF9M2X5TVnrSvAr7THd215Zjs81Q57gLxJVq3oXZ
495,Perennial Sandmat,Hayward,Aleksandrikin,543672tm2W62N1484o6J4c3ZZ5767mc99NQ31661Nw17Ae745q
496,Appalachian Sedge,Nate,Welsby,P9lFkfmm04g84hTdUe35a73Qwi58394aX265LaT2022ShWmG9v
497,British Timothy,Jasen,Taffrey,78b37c4R0wslz432H1A655Xs64UU7VTvb58Zu22v94TcZHdMY0
498,Hairy Dozedaisy,Howard,Landal,W5G56sn2m8F5nl3a0f4Ls294tcbp502rF2mh0218v75vF2839j
499,Curvedleaf Stonecrop,Jennifer,Davidow,b9Rk93856Mh2y2B21Z2v18EmFlk6771M130y37D0l7Ki7mqi0l
500,Thompson's Waterleaf,Kenna,Michelin,x2f67Aj7996355Y866254Qbo2Y7YY44D14gS2h7S9IyDIo6Vw2
501,White Ballmustard,Hewie,Leeder,DOgR72457e2S8q7bA84198R3Y21Ofuns19yOk30mhn9zSb8M6B
502,Sierra Willow,Fidelity,Veschi,G8f119d72TE484O657v9Asme6qd06K654Jj1hnZh735p87u9i3
503,Lodgepole Pine,Evvy,Mochan,em8sFh17T97Y2H805yo4O0kPMV5A65SmuT20HC2a9Hqhy4l11g
504,Western Wart Lichen,Corty,Hulland,l10I1Bra41h217yLKuy675Olhnn0L77b9wS83BiD54I98J7fJ9
505,Mountain Pepperweed,Lib,Feria,F2m15k7O01Iw5s6PLhGG1033166wNBowc27J869A58226r1e15
506,Peacocksplume,Fredrick,Klimentov,23Dp79m046449t0bpyL01Fg5B44SLQ333wbT053cU8kS4Sc9Hf
507,Mountain Fly Honeysuckle,Nathan,Red,296a2728O3R3Jdq969Rc02fu93E717Fn1WG287zn5x74JEM12f
508,Sourwood,Goddard,MacAdie,64535aCq6QNWfD4L8sH567T135B2QH9749fq9972Pnnw9kGm43
509,Grassflower,Dionysus,Featley,U83N704Dm7z9HLg9G8654bW2W45a34524V3B1S95oE8aXjvzzu
510,Malibu Baccharis,Paulina,Veschambes,4s6dLTC4M2hM3l1L60uY33W428U96H0x6D2fVv7b7D2wAr9L4X
511,Chestnutleaf False Croton,Abba,Siddell,H3Aklu4531wA57226j0MUpj68ShI42i90904Ao0BT5Bb2707V2
512,Blindeyes,Lita,De Matteis,fHlf17U1U3uS8tS4N3RT236mPn8x5R616I7v3P1200WEM18a9C
513,Synalissa Lichen,Leanor,Cantos,FaVhG65l066Gk5c94E5W7L3fW0211W6m4016wi1q29Oq50zO8T
514,Desert Deathcamas,Dinny,Pennetta,54k1nJ4x8W463G201957V2Cc1MeuL2V24U2C60888ywE902g10
515,Smallflower Halfchaff Sedge,Benyamin,Bellinger,d72o41aDF23fE59hiOMcaf290XJ7301X908n9SaQr13X08j2k4
516,Sweet Four O'clock,Jillene,Devitt,O0eh7z9nj50d37Y8AElK77200l5sCi821cb34dlk445d8Q5080
517,Blue Mountain Onion,Zabrina,Korpolak,fTTyz13eYBbuSg23i0G7Ni90yT46645HS7ApplBq59693zV41X
518,Pagumpa Milkvetch,Denyse,Aisbett,kREM90p086PT5IC7555I7N77567FKbO4O3838Z97K4L601if1K
519,Gidgee,Maynard,Kienl,MA502oI5MW3lU0NpD20cT9ConHb0pTC316i280PN92aU2Z8Qt0
520,Black-box,Leonie,McDunlevy,07CvxN8J0J067684jN5RSmmdD206332U0C85xmnUv2N96h8b8q
521,Mountain Pepperweed,Archie,Klimczak,7G4bY29nI56OD3QIF2wMKdx548wzP3sjDu79G2I29631m4W623
522,Woolly Clover,Antoni,Gerrish,x5O8Q391n907v842w357dqS2WA941D57He79qe9lkv6772969F
523,Red Cottongrass,Josselyn,Moodey,l87582TN7S575n3D8o99a5fpp396LrF6iP9l9S620x4wI78978
524,'ohe'ohe,Cyndia,Watton,T447rX75g16t42vL2b891Vh1E5Ce47zJUvRPs0wzl97yrG03S2
525,Bottlebrush,Belicia,Pauly,4OBo4P0b3y304OrUSELX03j2uKk0270b2Y2mOMxxY64K2OCQg1
526,Hayden's Sedge,Kaylyn,Whodcoat,BIT644Q5Co0bpZ169t2277rWCq440pK4e6y365A1K1bP6krFG7
527,Sodaapple Nightshade,Tam,Djurdjevic,Nxc62S243eoI1Jqi29IKhfBwQ4cw40620DA75r500i4j78TY3U
528,Southern Rockbell,Fidel,Ranklin,Ti7F6S99d61R70Qh8K96m2zRH0kbZ9X7614EP6492dVq095pEg
529,Arctic Woodrush,Emmott,Cockton,rW46W5f8q541Ld402i873069woTYUBe63qP039582bk32Z2Ybq
530,Common Dogmustard,Roze,Farress,5xKQ86T96d71t514ju9moYG94a11780j623JZ87L0C9l6189BX
531,West Indian Bluestem,Tedda,Bisiker,y18082ea2253R3X5K32UURDQN60OR0082W9vD9kX5CfdBf6vsb
532,Griffin's Beardtongue,Rog,Blanchflower,b1A8Nr04jvf4Y9u5Ij9W966r5l08N11D8BJ72k8V7029m2d7L9
533,Indiangrass,Dix,Khomin,mwL5t4h59Cq2o79J552SFtkdz518Ajl631Dskz8t5B872PY2G9
534,Cryptic Desert Poppy,Lorenzo,Icke,B6DAL3X3x57WQI4q4DWVD03C1memom41Aj703G13Q3UpzpPWl2
535,Broadleaf Carpetgrass,Itch,Fevers,I95WM2ssN2128T3zf8Oy0p05Q24Wc26Ef703tAJfr2o9ErJN95
536,Australian Sprangletop,Diann,Olford,Dw6rNC1Wl30R4S79S8D7V36r8p6Y3EkqHPvk32e3miJ02LPkSP
537,Chrysoma,Brandy,Neat,o206ni0ws0R4W3UE4y52z0578h1Wrz187o4665tx98c1tFTJv3
538,Soft Milkpea,Zandra,Philipp,S019g05t87984Cd8aps1Vd0zz8Pr0F2K40Ts34o986V0R41278
539,Fibrousroot Sedge,Keir,Brock,z1OPrr0ME61XKB5NAWm106m53wQz1vH3uRz6u3peKaJBrMelKV
540,Desert Christmas Tree,Levon,Gregorace,O54S4U82D94E74Ae7cvp9L9Nt0rH18SZL0P3i7I4b2h85O5Nm8
541,Texas Pricklypoppy,Leigha,Hallett,2lcLyFT97I57X7v092Urp2ZJF82C03W44eGxL5ZQ29O5E0v7j0
542,Asahina's Cup Lichen,Con,Frizell,Q5RU3a6v153To90D9420254j8e6QZfLq0do8eFRZ248piq99md
543,Oysternut,Caprice,Addicott,M4w4k1g651g81FBGu68slt72xRU374G0t0P4oqs57YFtGwj3pa
544,Heartleaf Saxifrage,Lyndsay,Stellin,1V02X1j7w817293a9g60ScL3p4h2G39oJX4MK31Z3p838a86a9
545,Chaparral False Bindweed,Franciska,Scogings,c5d8Tux6BMH71Rv9hp4Q99j11c6mx91888wY770754V1d0sx2L
546,Handsome Beardtongue,Jorey,Fieller,65j811H378AJ4BkE68z55398YA6d6o2S74XPB97mLxTM7655D2
547,Rim Lichen,Elyse,Bierman,S9gb5CM5x3BIXG2D8W249Vi729U2F3326S95y53qNhC941974L
548,San Luis Mountain Ipomopsis,Gaylor,Fairbard,PJoXF6wS387714n4YphK17xvG706lsCG0b9Ezirk12B00py930
549,Boreal Starwort,Joanne,Alders,77I80159G8K0KK00tv9p2bz8Z57se49221t47Zaj5kd466z3lv
550,Glenwood Milkvetch,Sacha,Durrance,v7m38M9KTK671090f4AnXf24O18ok5n3Bf1NhA9535m328cz1I
551,Wand Fleabane,Shaylyn,Fullager,12TA29Z2tSUw7v5612Negvi0hXpDE524eo8a62437wWzd4Q774
552,Arrowfeather Threeawn,Rochella,Risom,013s131E7sU8663J6fHB5o6492727xveoIsFW27m1p2X41TV23
553,Caribbean Trumpet-tree,Amery,Relf,Mh9jtSr0t2G2Y5Y0AhX66117s8lizslh793Hz8125B95F0M4M4
554,Broadleaf Forget-me-not,Etan,Frary,5o6cvAP2l7e7GyO61zI5X1CWm8u5jg293ec621Wwwc7H25Yj9D
555,Canyon Maple,Merla,Ropcke,krPi22543t495U7HS97wWF1pyPOxE0927A2ee8K1T67k3Pve6u
556,Checker Lily,Phillipe,Dorant,tDjhk4VV21b8yDD23gSEK86938308SPQF3s57E664671HqqQOW
557,Chihuahuan Stickseed,Allene,Bohlmann,p27D2P726M16Mo001nk866q3wg313CT42303F2M25AwbcD77ZE
558,Leedy's Stonecrop,Dasya,Caseri,ol07nI9v77Ng57801N3M8ByTI99T8P4884Pp1OhAdyo4Ec9gPw
559,Royal False Pawpaw,Micaela,Thor,gG673U0hY04G6S129XDa7Xl66Z4e7fL50R9DfsHSQx7V45ql8v
560,Southern Lobelia,Melloney,Bassom,821pcyMH1uFAGV206o4QZjoewJun29Y3T6C8n41hP2466l73K6
561,Littlehead Horkelia,Stirling,Sangra,1vQf8J0w3JvSxlpA11a11G8h0y3969C06613yJ42p0mPR7GT5s
562,Barrelier's Woodsorrel,Mia,Stepto,1c0bo2L227w1F8EdJUlhV7G1P119g79Ov897659Y062H82G34e
563,Triploid Fern,Giulio,Tincknell,4ayh7xYs3Zukw6tx3hybpD60c5TR707G37k56hPji00rbpv5J1
564,Mudwort,Erie,Liversedge,6ND024Gh71G0Lq0X511v40y6W6497qwvuSf63znmMxNm61123e
565,Psilolechia Lichen,Patrice,Ethington,yM1i3R3ja2a00i0B5ez6z1FNiL2H044pd2MvD8EXp2M752R63p
566,Small Camas,Kevina,Riccio,776085kusv6H3tK901cg969Y34V017Y895s5SB2b68Km2060dm
567,Howaiaulu Island-daisy,Beverly,Dewhurst,77HzF06T0G6j5i5d9Ib36U601n16U3Z9h243hrj26214WXPJ43
568,Bontia,Etan,Martineau,B4e4bxC5gB9C1b659Y02yQYat7h74T203t3e8o5DD6KQ4Z2aed
569,Monkeyflower Savory,Osmond,Vitall,4hwMCiKRyiqfr7453Blhp1ADqUG2v9M52ht7519EIJt2jg83q3
570,Pringle's Popcornflower,Dorothee,Valentetti,133QoSI6s77MN9S3U5Z3kyHD03dz4281ePO73Z3Le87zx190ga
571,Bilimbi,Bonnee,Frean,l8N5G7vx07aP213RQr9816336K528dR773PRL55mCGHRJ2VEY3
572,Blutaparon,Kanya,MacPhaden,4Pe2w4UIZ4aoRW7N0Q3w0W7Do88k49Y1B52qM7q8W645q4J062
573,Waihee Valley Cyanea,Melita,Acosta,7J5Dh41Zy607GyCS9G1658X2PhE3254XJw3z8DH9NE3w6gxj85
574,Crossflower,Allene,Bingall,uL1r0yy222gf4w7Q46L1392FDWO7MGQ851E4ttQW1912gcRhWC
575,Varigated Yellow Pond-lily,Jody,Lovering,003Ax7yOC381f7Z3V2AM566rg332m39S5c2R859Q5vW0542dl7
576,Somerset Hair Grass,Luciana,Eveleigh,o6qiEl3J84379R254E5FiB1691Oye92iW104452y4xNN91qz89
577,Prostrate Pincushionplant,Osbourne,Dwane,N9Me033E396DA598V91u600W9KRC91vmt387u062g18a1XDA29
578,Porcupine Mimosa,Berke,Iremonger,003MH72e2n8g79Tb702xZn210yE424ci4a7gr345826kAneJY2
579,Lemmon's Indian Paintbrush,Kira,Bate,8R264bm227w0E55OX78861hO370336B21rVunl334ON0zgS8MU
580,Giant Red Indian Paintbrush,Keen,Records,uJ5rU859Yl1t9U3U6m243j18q5GEF28870A42k75X68BN105Ej
581,Sphagnum,Jessalyn,Kauschke,6n8l96LVfC85h69BS5gk0WJg21c24k41l91lm812uCb202P76Z
582,Compact Scloiciosporum Lichen,Codie,Cattermull,u5395BBW25SBd515O5U6a7k6T04c9otR5781Fg59704AL0m9W8
583,Alaska Alkaligrass,Fernande,Garside,bki3Ey37w96toOR366MxO0G2hv965v2T5cCoK374881Z0R6h63
584,Sulphur-flower Buckwheat,Aurelia,Gabey,K52d89XdA4hU5623610yh95jq7s7lPM067Cp77HKS4coM7096r
585,Water-lily Tulip,Rolf,O'Calleran,aX432372TzRB135K432TDXzY93R5J3M75658G9bxvw6421G041
586,Hairy Bedstraw,Nanon,Hoodless,54t5KGGsI6u23090WypvMU5M0aDw8zBho9DgFQ9720s29xww73
587,Squirrel Corn,Lorianne,Nuth,25Jmb7a8i3R7l69sw176w49Gu0LD5Rjx8Tk1rV40w996KF212d
588,Florida Tickseed,Haley,Karoly,7nUeu506u92d6jQT0M23j2763w6J1LxT2bAtJ93dzhdX5i860m
589,Island Bushmint,Byrann,Gaither,3k8H0uJ3F5J03F09K4jA4846AVHIh7oA76LxFvfrA4kUNh5S00
590,Chalice Lichen,Teddie,Blakey,g93JJ831Kr7kvUU97232501MOIY8p9U62O1n40tv5S4L5bnpA9
591,Piedmont Blacksenna,Melisande,Beckford,2V4xh5Pbuxf770z31J1u32aK6lEJsj7F4O00400ve9Qpc9IFgD
592,Dunchi Fiber,Joy,Parkman,2k11M770u8G752OC40o50824ewKP45Xvex725m51Gj476732Wb
593,Bolack's Sand Verbena,Carleen,Python,3c45b5jxT8k17U3f54gKTVaU5G67w095f15y0667p4i8I2360y
594,Miriquidica Lichen,Thom,Gownge,90slp32p8G2j8U5154X0R7If63tBcabzqo34o87748217J4x3l
595,Towering Lousewort,Raquel,Rizzardi,570105078G8iR641yf199Ic8x4g38xE9O434Uw00369585b86j
596,Upright Myrtle Spurge,Halimeda,MacCallam,0v85525SL1o609J813Iu2e3o83lD09s98983pP1LF1m3tgaf00
597,Pyrenopsis Lichen,Ichabod,MacConnel,23ku9n58i8kDb28667Hi7H11lUuxJcPQAk365f0L2Ro3b5CL2l
598,Giant Needleleaf,Carilyn,Arens,S8jl7k1vTI13j3X6uF76fDV9YU2548a135Zvnv29O9NyYs313Q
599,Fragrant Snakeroot,Sigismond,Escala,oM5m24nvS1668D500An54vtyqVG172vgBysTbX1G1D8t490GGf
600,Eastern White Pine,Jacquetta,Moss,24NZh2EklOG5GG0V2873G989al7d4xSjj7DL0D8wADJ5NeUv77
601,American Century Plant,Ginni,Gaize,7A440e3l8f06686dLBGhzpK55PJjCN24jQPhy5r0LD0f5Ehx66
602,Wyalong Wattle,Courtnay,Clair,k83C24jbTq4ToZDeoH96st57gv743nQ9L7T8xQ60Zd5Kk93t44
603,Eastern Purple Coneflower,Emelita,Nicolson,B70Aj5t81742541C7793sII0T3100735DJ74d2n2189cf3337M
604,Bloodleaf,Wynnie,Franies,9312MW1lfwX45NnS2cBlrfc62GbbL5t2G7449oBQ2D7asE5Ck9
605,Turtlegrass,Sherlocke,D'Agostini,qzZEy1V20K51I9QYr4bEgX3Bpl79K79WM1Kp7IOK45908ZjodN
606,Western Bladderpod,Keslie,Simmons,K2aV33J5879Ma0XJBi364sUk7Gczcf7Ky491Aqxr57MK5584P3
607,Palmetto,Corny,Swenson,7l5222c3995450RYJ39834F85E27edfdg0J1977H1Mt7QQ3P73
608,Pacific Stonecrop,Carmon,Camocke,KN52Go9rg5F9D7oZ69DpvFc4f3oXr113J5PYX4q0Jx710vg428
609,Triangle Cactus,Towney,Deinhard,yMbahbDO47bu70Pn8D9y3d4x0rrYLt46g4e9HD61JAs2pqA0m0
610,Baldwin's Milkvine,Charley,Pawley,691e369E93ab2b5328CL1320d9KYVg0O5JzO49216Q8y8YJ2l7
611,Parish's Glasswort,Morris,Treat,rqS9NGtxcxuWu96Wpszb2I280p9P3Wqfp3s6yKNIm7H1I76HMY
612,Hypotrachyna Lichen,Filippo,Loyndon,5Q1J696Q6876WPtiJ0W58S6k913y6798iD1052BrK2XlN7g5qT
613,Groundplum Milkvetch,Shandeigh,Grinston,3i4777B4eZ0j6n9NdFvN04sk4VAu602613WiTu55c2195S8Y2D
614,Rinodina Lichen,Clemmy,Wallentin,3q63x17rT2jH6Bj523QO38d2d954k02374M09iT4v1Hou74114
615,Goldentop Grass,Burtie,Chelnam,7WL4Y97F23lLTVBz1N3qlRQ0gyQ4k99Mc867MBhX455Q9ebyqK
616,Awned Mountainmint,Ber,Calterone,m8WUNf5CVekh8KgzE88LXWX1esqYOnSSKf30E0V70471XT4PwP
617,Weakleaf Bur Ragweed,Sharyl,Gittoes,48yO994h2i7M4022290z0z76F35mD3bDVvAuv2n8I19M97Pb8O
618,Warnock's Rockdaisy,Garland,Langford,q87r5wS9109giX643z916FM8579V70PB7EGkJ99u76QBmf3304
619,Mistletoe Cactus,Stephi,Petris,MzG10771Dp4623i2j4318614U25w8uyBYb05ifG65907632UB0
620,Russian Thistle,Cherilyn,Frank,744jr6Ip9a2e8qg3pgL514Qi0wr2581thUm41p83t6pkqdof42
621,Coulter's Balsam Apple,Jobyna,Dunleavy,3N11W8228dv6651fZc2M2XyT907D6FeBTr5su2n4zF957KLd5F
622,Kamchatka Rhododendron,Verile,Gregson,T4QANYt765Fw2T92V10wgN03f46W9R231i0x6k3BZ7NC7w7I1T
623,New Mexican Wart Lichen,Lilas,Lissett,c2R3t3WqN37tn190a9G29NP4GJvFyo4K1A92St99Wq6Eqb93M5
624,Ceropegia,Margarette,Gasticke,C743326ZH964YUaAF77IKh89T85y1y92r8lw9h33j7xe170Et8
625,Sedge,Joela,Buckingham,7946R8v9q33iEccI2gTL1I42k8354418Z19Q6X1g4728zon529
626,Plains Snakecotton,Jaquenetta,Lawly,TTS719EE5HbcW0kBrVu7MJ7KP03k0y7s9r91d412620Bi1ON8b
627,Ceanothus,Tybie,Gladtbach,6J88J72G63j66N69077Akw6vIl2fGy373GN8j23764j7e52frN
628,Alpine Rose,Klement,De Ruggiero,3V3f0UN23X90iQ0Mp3mq55l7kdB006dh0d4T22Q10YNbtiH03L
629,Erectleaf Panicgrass,Marleen,Darleston,FLhV6TgE6199hL63321TP77go1K2Ha860gEl351mq7F6m653nC
630,California Yarrow,Kania,Mosdall,UH4b6gwQ65XT1g0invbi84bOvX57J521U8J72W3Krng4PdSz5A
631,Wallroth's Mycomicrothelia Lichen,Helsa,Stapleford,KLa5B4I4dj155r2F31KSz26y98H81P2Cj1769Cc8Np6Z5n4H77
632,Redwood,Roxine,Nell,n5p57cghLUIrk60PUazFq3Kc0a8Z72QBSX85fNQ8yX1j8c05w3
633,Tailed Nicker,Krissie,Zanini,nS024o3ocd539f3N15683PVh0md55KN3u648h5f1952Tz4cy5s
634,Graphina Lichen,Mellisa,Allchorne,6G39w83532CLR9964098lMBJCe751rV914c6G9153I8vung12j
635,Jones' Buckwheat,Linnet,Terrazzo,O7887Uu75Dy78v371bFmc9wGijg8k7o90NhRH8bMet3Vr31jY2
636,Short's Spreading Chervil,Daniel,Inmett,TMyU5W9G2kE786078818A6d5589M261p892v83c54fc8sfbt4m
637,Birdwing Treefern,Blakeley,Harrap,0zyGuKjz271inL50z8uhR47ady7ABU926g4734hX8EZcNpTc7U
638,Widow's Sedge,Jacquelynn,Domeny,7P7G3MFK8536402Xo2S56Mbl7In9onxxo8vM12CCo2173d9Jc5
639,Fourleaf Vetch,Casey,Lyddon,iBq3JD7N84zch4U724379hG44m49w3i8z3X2R5875516124Q41
640,Powdery Liveforever,Ariel,Meredith,Qo3K6x8800236b5V7y869l6B89U87W3I95jpS8A381YT1ZKh1v
641,Mulberry Mistletoe,Emma,Sowerbutts,ixS9pSRAoL0hOMJiZ6nMEJzn2g2W74zb8c96CT5x9I0QxnO8PY
642,Japanese Glorybower,Crawford,Lawlie,31fl8640Sm8l484HJk4P43oz0O32t7s44f3t8v9g104nXw2c9L
643,Cooper's Popcornflower,Dael,Gravenor,K5047W1Q11Mm2N50f52aS1eY45m6s9d2612364Y346j2WX45xP
644,Wallangarra Wattle,Tallia,Dyment,7WNYs224jzt3BNM8v3FrW3Uz12jJxM88mswXlLH5bqe52j7r6b
645,Sicklepod Rockcress,Ari,Piggin,42Z5nRD252lg51479u8E1kY06c07NE7omT0A961QS90Z0Mr19a
646,Sedge,Corabelle,Downe,4V7s089q2r424q42WA5lJpl6T7bMGqF94xO72t0ZV8Mkg7Ys1s
647,California Barley,Leese,Gleeson,GRX1HNF61u636q16E9F5SFB5275g6H2R86fQF4arg07m8p2uyC
648,Alpine Lewisia,Bucky,Bamborough,0b37R58G7Dj159lg4Ga193X4Om7HC56682n5Dp8k7yGM0904s4
649,Northern Golden Saxifrage,Amabel,Drust,o91P0n55Vy1106i67845cDCkB7O1c5vlu7YG61G972gN788p34
650,Kauai Bloodgrass,Sumner,Kinnane,4uRk7fLC5C715F22bm310QVnHwu5m7z3S5sbN8EE22Abo9R29F
651,Tuberous Springbeauty,Marji,Greenham,2M9b18261n86ms33K5i3gC2Z8Z4A59QyUDM020Dq9ivTh3605U
652,Mt. Diablo Manzanita,Sully,Stobbs,0cZ26c2qCBv97D3l1y57T69qV2V0s84G223NtUO07KX2690yXj
653,Caltrop,Ernest,Pestor,V3o8ZGBtoYP42FqS0f2E9e7JFot8Q5724114PA3MN0s4C933Cj
654,Cafe Forastero,Evelyn,Bower,6bSP04W6ndi014m1t8rZHsx7Fz4mDjWTf42BgJ51qH034qB770
655,Intermediate Plagiomnium Moss,Gareth,Scini,36eM230olE9ET87559E09AgDlRQky8Ebz765Tw1A5TiV3oF910
656,Rough Cocklebur,Brigitte,Boomes,7X9yZE4O9172hz79M5J4Ecw888mc43296n9k13F7YiN90421q4
657,Rugose Rim Lichen,Ginelle,Hambrook,k29x6oS3V173am3f3rd69v73lQ07Z1N4851BV52gM1223H81UP
658,Honeyweed,Nathalia,Ruckman,1t3UfkFR02rvK9F73j51jX55OLbg03p1w3Ylb7612ww7f4za6i
659,Dimple Lichen,Peta,Maker,98aG7l08bl27tch7qT9yU8bKYa235IjNCS6vkV69Q533SBS3wZ
660,Asiatic Mangrove,Sinclare,Tackell,42T19L4Gkx1EU5241Y284e4c078UKhCLhlk8T6a9xUK26w6y1p
661,Snow Mountain Buckwheat,Alverta,Kilgannon,k9D5Nkj9dxl83850EJ77COEwRB58k5l20RLO7lhoX684dA8289
662,Fall Goldenrod,Allyn,Dach,2z5068312595LlhqG9E4N9ANvZCtHAX7PC40hvE6j9VXFY358F
663,Heller's Blazing Star,William,Faltin,02Y44Mq4s8NJb0ZmMN09CAD0K97a7wA893723xPNUS1v6Py75G
664,Southern Pea,Jacquelynn,Weightman,YJGAY77k10336005LbiGl891Vg840DBeP1S5PDg1NSq76eG57c
665,Lindley's Blazingstar,Mohandis,Dunlap,4r9708v069m9aAQS4040s116h32485195a94rjB0100g22825c
666,Hybrid Oak,Wilhelmine,Yakubovich,832FMlRLu53i3IM95Fs29Hu816807uP14z90J8j2oQfS0LaBr3
667,Milkflower Willowherb,Christabel,McLese,RXk13Nw753Q5Z78C371w0HHJqK4v02r73fvB0U850uzQjA540E
668,Brownish Sedge,Sergio,O'Neil,oSv6gkWVi6607APW1ve8g7o4of642q16U8HI8V6K6zwO67CKoo
669,Intense Light And Dark Lichen,Richie,Gniewosz,MGrkK675T97a2w1KkRmEu7L107ab8t48MvPk03P57XmrLfF7Y4
670,Madagascar Widow's-thrill,Carleton,Shillingford,h6AI1411i697z890IbMM8y5RO36F9DK98836M1hA549S6phz29
671,Guayabacon,Eleni,Eisikowitz,4e743g3P7p83bd55L14N47W6wAlyitne8rLade2U7m4mOsj0oP
672,Carolina Lily,Tiffanie,Indge,8w1i748R1QR0zb1S828xG9o4A6X21y7V21MFt0V12C7ie6c859
673,Gray's Bedstraw,Elana,Blasik,58d1yy0IbOFO56226G9Z97O6h27Lpt62zH47FO27ziy1RZV9za
674,Strickland's Umbrellawort,Erv,Gounel,5Z2R85Gw05998OpB2lc0sjOsXDG8864759t8057U46Q1I0GSr3
675,New Mexico Ticktrefoil,Trip,Reijmers,N8B608K684g1l876Q0lN3i536PdYS5aN977AT58R15l1lki86y
676,Woollypod Milkvetch,Joye,Pyle,921517k4KWkf0y4481Jog5T3L7i7DP22NO06r1hIF4R2Bhjcr9
677,Shell Lichen,Constantin,Affron,mP8sXtP573S9d8iarg1wJn0Mo84w5aeadpl840Oa051h3uM9QR
678,Skunkcabbage,Vanny,Pourvoieur,eN0k4a6LV308MfXdk44Q48I15680UPx82e2YEsjn1KfSoM02X0
679,Ontario Goatsbeard,Janie,Allston,8M8Bk6S40Iu406YYNeOcxK8O5qC2EqpE0C7t4wfg2qNMc4i26w
680,Poorjoe,Giordano,Joysey,6x2tLPm721r80zBB0297K52zYP0Y3Dl8yJp4fj8N3z5x958s37
681,Broadpod Jewelflower,Freedman,Birtley,R3255kMd6auBrV946K49nx2g5rM50iHDAwf69A58BJ9Yf5s103
682,Snowbell,Gert,Allgood,H14G376fZRw4bk9737zm0OIR0ApNrbQ02g9uA95c77v9Mnx52v
683,Kentucky Rinodina Lichen,Gregoire,McGuinness,8w9K93757S7rqX20r333L51DE1l524yGF7GbfX2K30Mo09Bnmu
684,Mountain Tansymustard,Hamid,Axby,3F0PG0p268677t9zp4S4X364C0j244627256bJ24X84jM570e0
685,Wedgescale,Munroe,Conduit,55s3777P71A9sOutDI25d7qxF5NTV52EM381Jt4f122p151K35
686,Mill Creek Agoseris,Derrick,Searl,rTm2xPK6WQXq8atw9Q42yw2187K93QkSgX318651S72112F7v0
687,Bloodstain Lichen,Benedick,Sheraton,514x84S7dI8H43b5AUh9f0I3j7L1eknH59BcA8yeK7C67CMXr2
688,Bog Cyrtandra,Deina,Relton,5X1Z1q9A04196t8RT2RmrIuH6w343B0LgKIXn6705Q979CMioA
689,Seagrass,Giffie,Greenwood,6I4GY078JKpZ6r2S840s849CedhvecPfgI2SWenL436N70G83f
690,Eaton's Fleabane,Amby,Postlewhite,aUdVKk4Koo4Z2zSY84219Y6ekCHi5y5cF83F4333v1388jU4Bm
691,Shortstalk False Bindweed,Anica,Chateau,O0x4Pa5303TZQ680l2L29071w28Bcf1Vw9SBFEE6e458p51pBr
692,Wiry Blue-eyed Grass,Lynsey,Wilgar,7w1oT918eESK6mE96eK8T8z8vzYXOBXh0p7qk0yH910OSwP8wi
693,Gaping Grass,Hetti,Thomke,y7V712gD445N2IFX2yf8Sb6tGVz7Y4Ey79Ctp0K7h6J2Wn3EHY
694,Foothill Beargrass,Ernesta,Maestrini,340Ji05BA0wp137a09HOpo6HL271PR533149rs20ROaKm92c48
695,Snow Buckwheat,Janaye,Hustler,oRnu2l8B7XD2FGf6e9226J85e95MPM1p42d6zW5LK0t8Vr6501
696,Chihuahuan Yellowcress,Suzette,Mensler,3KDH6M0phg01n41X600S22Mt0f9XVK247E503A93v8129N31X4
697,Klamath Fir Dwarf Mistletoe,Ashley,Roaf,9XU8Ll9PsohK59rIN687815ja53U23Ot40OL461949l7PCXlFF
698,Broadleaf Bamboo,Berne,Rushbrooke,00dS1d8w7c0U72P862P4h1yAg995yH32307jb3798Z5094x370
699,Bristly Buttercup,Gill,Hutchason,6vI7s4w4noY69Y604t0V1284O56529k12TJ85K337w7VA4j5YB
700,Sumpweed,Allister,Ettery,3LujX138fwt037lS0E86F6B83r7h8N25665909EbKs1n5h475a
701,Sacramento Mountain Thistle,Westbrooke,Cellier,k96D73hZ8Zvg75075CwN186nK1d106o3xU09BA44A3C55qIc08
702,Anisomeridium Lichen,Simone,Winter,on72x2eImtnP9t9t5KyFEd6d92c92aw4N510S3Q9CQ2X4S4x4a
703,Calathea,Boonie,Holgan,A0Z7sL53I299G3Ac3r1TQ6o9R0m63I62O11M515890rq1rGe1y
704,Low Bulrush,Law,Garvey,fuv80QWef72nN9Afj1F3i0eU8gS6h3HK61a4c466ENxd8vGGj0
705,Carolina Puccoon,Karyl,Kolodziej,dvAV98Kl83Kd2h1X75GqdS7z46t138c49948g3wa2216ui1eKv
706,Pomegranate,Debera,Guiu,t5B2WBceC9vO514n001p853r41kCd1GQlax79J40U828j2Ay83
707,Threadstem Carpetweed,Gaspar,Sponton,75WPfujnHCjd822998z4Ld11DQhefR51eY6Z4jsE61687XJHZv
708,Island Gooseberry,Raddy,Treppas,22pi78uZkEp4f67HL45153NF9z7B97666K2r39b897f474G4AJ
709,Long-pod-cassia,Vivie,Wynter,K9AhK1lzp99X9QIB2WCUYy776C7560w3zk9g472gld4V48z687
710,Hinckley Oak,Kasey,Bigglestone,Epa74h33ZCM90NL455UsYr7vU3BIll45OSW5V7i4846451Romr
711,Douglas' Phacelia,Hynda,Lowless,PlR51K9v6DLcLyE54V173r93SK79YI95I5386GJXY7933u0uo2
712,Gravelbar Muhly,Gasper,Taill,0Cpi3r3lF4SI6MHY6z2lN2yQE5696i77KX91s47V2Qf5Pb72Y1
713,Japanese Bush Cherry,Blair,Shilliday,n7f2195248T83l96w1Em31496DOf56203E67TcM0m43504R8V6
714,Kingman's Dotted Lichen,Christiane,Fawdrie,mzfQ0GOl228577N15w620OEy7TBP345rQN59JV5733u7o7pP36
715,Everblooming Ixora,Selinda,Woolford,Msu00av7rTN576M1a3Eic4LEi4Q1QzHva5234s73xq3qhf995i
716,Florida Grape,Kiele,Romayn,reXT5426C70g7qMI613587xqE8M4GHQL2B7B658yH8d05OP42v
717,Ilang-ilang,Markos,Goodlake,w99q6JD73CtiK7118hPvXc6Ln4TP200G317qb1xnW306m744t9
718,Fendler's Cowbane,Sena,Bispo,t6oU11Haid439n3I620521Uu585kulJ75rXAs1U3YVvn40Y51o
719,Colombian Rockcap Fern,Lorine,Donnel,39GHNJKXEKj2N13SIlKol98sd2dp28jF431O0jATKd9W555DUl
720,Banana,Pincus,Snowdon,5Kw338t4aA8K1QCq04Zo5Zw811NJ69a577HY619U2TDR8y06Yh
721,Pale Five Eyes,Eric,Harflete,u7nc19662y6CeDN7z124t690097x37nu3C5J9126f5O097g6Dl
722,Grizzlybear Pricklypear,Sidonia,Servis,8ge86y80K9E3u39NOGdl1PT70c6w06W01hVcxR8V5bQW6HFqd1
723,Downy Arrowwood,Codi,Morratt,ICS0uJ1UHTYAUKpx3Q3471J3JmrtV72RZ9r732E6Mz6l45rExb
724,Spreading Rockcress,Lian,Antushev,D367VuE23xCXxIOg1U4CMw152646K1S0HXSQv89Sv461252g11
725,Sensitive Partridge Pea,Yuma,Lammerich,5m9036D38cBW0964Ct66W74V43Zqcc4Uzbx5IDw7F917xGeJi0
726,Leatherfern,Emiline,Barrett,vpnlX3zBv8fT146Lhe73M01Mdv3d4c76R063cB4D6pwda249N9
727,Fleshyfruit Gladecress,Duncan,Pirrie,B1Cq7012TX14KQ5a063adC7fejtj2u5FEZ49EY9kA17375u39x
728,Catchfly Grass,Clio,Riedel,49Ddu0D94Y32kf3190n861S71208zOs78d80G12Rk5709T05H0
729,Heartleaf Foamflower,Rab,Staff,9a1172E8m8fe8762GbMXo3V8O41D5e3118t2jpn6UAx90AZQk1
730,Camasey Almendre,Dorian,Imos,212A2h5t7qfa6o1M6640412178j4O00WOYSx44ohsm8DEpR8I1
731,Hilo Murainagrass,Cate,Nulty,e256Y3713Z4805ZejC77Y4o7I8kAV909x31p1093rXBWPW434m
732,European Wallflower,Evelyn,Pink,Xf169252878nH5Nd9459689F1185reI15039A725T2Opz6d00w
733,European Cranberrybush,Hailee,Bemrose,2sn9L185X22p8lN801XI9NFoa6G4rX8PA927zt0eQW6ugoW9iX
734,Climbing Milkvine,Noellyn,Sagg,z3U71G8Jgj5Vys6Z31d513k4D9A6j1ZL7e0603V6rW6B299mKL
735,Thymeleaf Buckwheat,Sena,Graben,1m05wl0n10a788lT9nv5h64bA20039u47OmK5Ez5648I69677D
736,Camito De Perro,Gris,Digman,9pmsf1587774Eo1ZR0WQimvO08m9HmgY1Us13K3wr46605945O
737,Lophophora,Minta,Mozzini,23R74237i0re1j56I0Ga8FO5AOv98HGQK6n6z8U9pY51cM54K0
738,Tembien Clover,Zea,Oxley,rW44h4v545kpC7r178DN13Q621pu81uvi0YPBWu6FE846kEP9B
739,Blueberry,Stern,Mearing,xz95p30A5086Z00z397uS74W27584Y6Y15Mz6597h40Xo3696l
740,Scabland Fleabane,Evan,Raisbeck,gBuUE76ZOn54w607vG1aIo312vHw8Y796o9VFWmCy4H292jD0k
741,Southern Spicebush,Rikki,Pauler,6G34pRF3z6M9135EF2o6mcT9c5rB20hn5V3KC2TE40D085C8AK
742,Bluegrass,Kennan,Croson,1886qp2A1j21nYruiMl9ok8s597r35R1pC42l67Ef58fptcxs9
743,Shortstem Buckwheat,Kalle,Monk,mz58068S9Q113u1H7Pyi90161T542t9O7JHuG4q01Y77cYLu3H
744,Sorbaronia,Virgie,Spalls,I8c086GRK222PZ485MiR9k04wSAdUSE694D09ZK7XJ5EO7827E
745,Jones' Fleabane,Modestine,Paler,8HE7087z22dgCv95x41Ey2Gmhi3v955R300WEds904b9mUO181
746,Morrison's Jewelflower,Heda,Caslane,40c8y6bCE37j5Gi9930k0235g163q2VQ4D272Bj64H44I61CI5
747,Miami Mist,Othelia,Srawley,xRHWsIc91Khx4N3o58o9M085I0291k687r0T7nFt9v324itkhW
748,Sweetclover,Rikki,Rown,qi9tUwHaID8xW4O22wB139gaCa3C0Vm3W41085t4835t0bC6Ve
749,Deane's Milkvetch,Dorree,Waycot,90s9wo0K92U7A0Q80F5b36RGKp317w8Ctsp649O0r055Y5QPy2
750,Georgia Bulrush,Herb,Slator,Yks06437zkc86Jb0L5e5Ldn08e85190ha3i580FMhVq943nlA7
751,Bethlehem Lungwort,Jazmin,Carder,SET77B5l428Q02UtLCbccbBI381C8557DDu73319V28t5EB1F2
752,Ulota Moss,Emmanuel,Gallaher,M5fa350Sm8Y9s3rfT0I7t8az6b107NzR21L044d4280pXYTy5h
753,Diplotomma Lichen,Emile,Rourke,YWq68z3371C06h1k8253L8g9CdqO1P8R6p2x5u8a6FVh4Hn4y0
754,Small's Jointweed,Kendra,Osbourn,ro4XZ76e9SUDZ5Ct0N1YYXT6E49KY616w845TE833x35388ZR9
755,Piratebush,Jaine,Erlam,414oHOK82RR9zC45ypeVzws9v23457276I8352a3E57Gu4898H
756,Zapata Bladderpod,Tod,Isacsson,7r6RXvf2M8opa28IO0ghPD8SU820u0nb3bfG3t3619hk700Az7
757,Snake Range Bladderpod,Nada,Bunyard,86Ob48A67193588DV4ObrWRb8vSk8VZ78n67aV7zgJ2165HM3s
758,Flynn's Pritchardia,Bathsheba,Pegg,1fyLD3SYjBt9S4L4921JExzBN3985mg17pH1rA4Uy38751pm18
759,Littleflower Penstemon,Vivyan,Iston,7sux43WmOJI45IHKgeKR03Z8V75SF20MRDvX12o2ff157n93bc
760,Shoshone Carrot,Natividad,Studeart,541RTGLsdkRFW0jq6464h0Oyl6v15Fg69t2Og88X69ibYA21VZ
761,Summer Holly,Ozzy,Ovell,6Q1dTDU438e07259X97G6v5iauSKA2q5g79653xL951Fm16B9R
762,Smallray Swampwort,Niels,Thirlwell,8m6K7A95IQ886hz1l848566WJJZ7Qtm0v091B176732o6x291Z
763,Menzies' Cartilage Lichen,Tad,Shynn,F47nJ08XC0OZ31A2h0N6hay8h5eb5b376m231f26tHh9dPJKcW
764,Smooth Spike-primrose,Lilia,Hook,5vjqzUOUy79Fy2r78UA39lY6nBUJvhSTrJGK26NM6rt0dtD108
765,Polished Maidenhair,Tova,Wohler,PK6591D24FLlLXZ4S10P65L0k52H4vs3Kg4WYq96v73283r01h
766,Arizona Siltbush,Victoir,Waber,pL8i6B0763G15qvxI2m8868N29glMwTs2xG88ZNz919r2C13y9
767,Riverbar Bird's-foot Trefoil,Carolan,Espinheira,eLhtI2i4YyMc0uilyNJZa8E26d4lF40947A2rw968882J2115M
768,Roundleaf Eyebright,Gayler,Eatttok,j695XI30zR62Q811w4F4zQc32k19Z70S4D4576Uu426H9dl233
769,American Pokeweed,Stavro,Duigenan,8bHU112463191caI5A08YaD8c7n0038Y76UX4284tv61Xnz24h
770,Robison's Monardella,Bobby,Bengtsson,1gd21mT799Yax2w4wTr37HZDLj72Z8050985wA86vNSfI86Gm9
771,Stout Phacelia,Dore,MacBarron,r46O60q458360wp0H17kORhr8mV4ou874597xCN87VP4U8O8k7
772,Hairy Purslane Speedwell,Rosemary,Deekes,PK0X3GK91lDH5ZR1n4VyonV568V0rJR5Nd897NG24v19693758
773,Blue Ridge Bittercress,Blanche,Jerdein,2U305JOxHJN4y1Y24D2BXJO9tNf3XR78xW8HGW8q6p130e72lB
774,Myrobalan,Cherianne,Stead,uFwe69D0P07344MXo25OI4r66FNc1w6BYh07wpV786x9AQW6B4
775,American Lichinella Lichen,Margret,Medcraft,nz9hySFs25R03JF33PkT8w3Vs4n6Vgr44BDwr229qAJs28MO71
776,Parasol Bladderpod,Gisela,Fontin,2yZ25y9NcI50m3CZm7C3ZBU5p810zsPO9939B47CgpDN30en0H
777,Dioscoreophyllum,Loy,Lebel,BQtQc9DM0463g5m17N7A5FQ84SSifg3n8gt34EFUr65VP86hr4
778,Melanelia Lichen,Nydia,Audley,3z195i472h1zO1zf6n7584c2SN279TG87G813k84IR6n2fnZqf
779,White Thoroughwort,Tricia,Beastall,v5m77335V5nw1tJ0L02L79L94vx3XXfC6qvw17t75sB2bSI5op
780,Hedgehog Pricklypoppy,Esther,Emig,8yz9TOzgQ0w3I20X2hV3H149kL0A043PMVV8kU84T25pyY8SIG
781,Salt Gilia,Shirlene,Cavell,Ti15F6V90Yj7cx7K6ByU75N1tV4g103LDoXA7187A79G12837O
782,Wolf's Opuntia,Hamilton,Hansley,e5721Aw7669Xdc2t61o6092p5a44R32Fm744e5Yl5pq6b0o0a4
783,Saw-wort,Mozelle,Honywill,42aa9yx30eb8Ge439VBeNi7jLvaf3vcUg80xE266W1SX2X9g60
784,Ruth's Milkweed,Salome,Nevins,ug73tqoB8680y48w0G222eOof1i2IW6890RV5OCY08X13L2580
785,Sandstede's Reindeer Lichen,Helaina,Perl,JQ36h59Ny8m7quW21aAzbM88F8DUGhHW5386Il34B69fG9tx96
786,Woolly Blackberry,Morty,Wherton,53D0tpy87F3cB60q8H278601scRP5d3UP31NeBneIfr0l91n68
787,Lanceleaf Liveforever,Emmi,Oguz,E968Dh4Bo9h020n00XzdE88Y0tb83A0M5m7059h2467D07z44l
788,Looseflower Alpine Sedge,Gilbertine,de Clerk,4M68YMV3JVb8EjrCMM111W2fi8O0ZO8m6hynm5aw62wZeRw057
789,Mogollon Lousewort,Garrik,Ferryn,Mr1YT9ntZJH5Qd7A14K011X5t58m56p68bLDAE1r4Kk1i9810V
790,Bay Lobelia,Constantin,Devennie,mM7KfL39117su8RnvH1qWd1M7I30790N09lO73uIS8eH7Gl296
791,Arizona Ticktrefoil,Rosemonde,Linfield,13s42t0L4FO6Ep51R0vQyHvk88DeA29RPw6352owOj39wAFiY9
792,Carolina Silkgrass,Aube,Adolthine,13v27Cd9U51if4mRTB2X91900s56BL51eS7Ae8P45KC1xw8300
793,Largeflower Cyrtandra,Stafford,Surridge,B7uMoG9w11b8v30gyal1TR6cd01A948V76lS1914y83BRGL1qp
794,Australian Brake,Charissa,Burtenshaw,Cq3hYJ56Oa5599Y7194m74ta6vCEl1B8p238219u36611949B6
795,Northern Freckled Milkvetch,Willard,Marty,eK5397GV30b70Y13O12mj44A6wLY9845Ri7K670J05EY03Ma5A
796,Rosy Buckwheat,Grady,Gribbell,38b2HnasQ5A1HmzuI6628i51V2wy88746H3823492u0z6vu90a
797,Mexican Orange,Devonna,Daid,2J98vSX8064LSWK311633m7tu846V09yzT6r814la3MYgEkJl7
798,Onespike Paspalum,Jessalyn,Piletic,26416lEHb1P241G5zldUrzrd0rq4tgcHUkR0N93W5233UPRW7a
799,Florida Nutmeg,Fabiano,Akker,370oVO9nHUNz07m97K7776V42m1rp2kIkN7W39vl1tv5qW7KhE
800,Clokey's Gilia,Ellyn,Pring,8pV85xbSjrYK3a7YzzVutsx9tq357M06V00Wx05ou1956JE680
801,Laceshrub,Dex,Arkwright,o80rPs97s2230zCI1x47p6jb6615h203394z6Po48e31QU2985
802,Disc Lichen,Vince,Easby,884wP4P45oc1S0hSizDG6Ju1x307hrf20BA1J04Y52nZFW19b0
803,Twoflower Passionflower,Carlene,Skowcraft,11q15oyPH05X7sgA1NRFHJpz3fkK6pt108NvR5fUY83637yeYs
804,Leafy Rockdaisy,Shepperd,Warratt,06r30d2r7cb6X027uC9V4rYyJH868j0n199Aycd37120d83D50
805,Panamint Beardtongue,Camellia,Jailler,vLL03m611n8jk49Z489yP96L4ys51265OnH2x4Abmp8a243027
806,Cuddy Mountain Onion,Petronilla,Boyfield,969865P3jaCq2U6085zIZ560DG1aC536A4Uj17928S4l26p696
807,Sonoma Lessingia,Boy,Phant,9v5ba8N32k1Q1Y0435H2D82o4SgjNYO11sc6S096Xj2259836a
808,California Balsamroot,Eberhard,Eaglen,87T510TXL75793t1Op1J0250l51S314310522S05rpyN7dP4Vf
809,Madagascar Parmotrema Lichen,Braden,Baudic,BbQ63x5RiUAYKwh4vQ69634742388G3t5Wdr16e8d1yw5W573O
810,Violet Butterwort,Suzie,Brothers,oD7K3cu6491shSL671ZipUvKMNOQ7Q22kq51133e23Y30652jh
811,Rim Lichen,Hildagarde,Snowding,xV9Lgi495052ziQKDk7920H7ojE4UUuw1104HZZv90k03F8w1N
812,Florida Lady's Tresses,Howard,Stevenson,2b8M4vmr734729aF5Jb26gO8pb15108XVDv0p5B881l4632Ay7
813,Mountain Bush Honeysuckle,Francyne,Gobolos,33YeVR2WEuyv9m9vB67l426v658w7xGwlvw7e8470VYk7D131a
814,Mountain Bentgrass,Gordon,Ioannidis,76vp47aJ353oKnY4d24nn0fdwt3596378476ia9eI003N2s78S
815,Sierra Fumewort,Verla,Ruddom,r4Qd6djdO9i21VKh3Il0l4Lb6zY7Kf1j50NQn67tHP1I50gYdw
816,Baja Birdbush,Horten,Mallya,553n7451g6sk78lqS4T4g3onS18S84gwYwW1329XBVdvMV95F5
817,Alabama Paraparmelia Lichen,Hewie,Frise,F726b2974mK81fOBefJXj43D5G99xy8D95MH595821M3D0mcmU
818,Serpentine Stitchwort,Beckie,Bigland,NWB25E40342MTvMvq96694wi0YhXAiiqI39q36Bupcyd0d8L95
819,Yellow Marsh Saxifrage,Richy,Born,n8zb65L1U1W0W0n0P0vV4WcV23uNe5D6x587rq7n5Q847401C9
820,Spiderflower,Corbet,Stathor,0nqv581g800744PNxy53155878gjzVK7V9d1JdU7Qh2pD24STo
821,Goatweed,Perri,Satterthwaite,42R8O4ShrX7N5HGbXQ18AFIEck91EYT9Z8e0WeV531w5CPBJwy
822,Cracked Lichen,Mindy,Fewlass,WH2253PVGBa38M0Q9Xhv2wIm19DF0wK0X35b15Wu473kcJ6YS9
823,Hareleaf,Moishe,Nielson,25035xO9lF8CJ19wn87HG21tK39924481nv7Gr00vW2AC8C4Rb
824,Saba,Deni,Malarkey,O828305072PPucB231J2uYa10drE404056n3Q2Di18p1HEz0U1
825,San Joaquin Snakeweed,Maxwell,Overal,SFz6Fj57rhfDy47537Hu4g7Ev0jSh08afH48W31iM92p801y8i
826,Hygrohypmum Moss,Myrtice,Jina,c4964Vu9Gv8776Lw3XP1Nmhne1Mq78XzlwmkX13Xsu417Hg6W7
827,Cracked Lichen,Reeta,Krysztofowicz,05r6z427H2N40384EbU43Z7qjU231i4M18Q0j3566U55rkQ94T
828,California Brodiaea,Timofei,Silbermann,On406O31OeBW930BfE1p45481wk01f5hUKec66crWPKD30e519
829,San Jacinto Bluecurls,Zondra,Bartholomaus,l0D32o5w457r5197x480W9b8fZ587aTHL7469866Vu3g1oArLT
830,Jamaican Treefern,Charita,Guppy,W80q2f46T336o8hEyLeqiw3bq184vbtGC77Yx84a5Wa977W233
831,New Mexico Groundsel,Huey,Matousek,pd731788v7bj4t6mKA3I0l2xIv0d1570bsdoyyOKfek0J4gN6H
832,Prairie Phacelia,Ezra,Kienzle,eeXq0G0Zq219bS36HYZH11bM51NSxor15yzaYh76x8FVE71q28
833,Arizona Wrightwort,Meredithe,Brettel,Q9i92614F8QG6X1v5Jb5IwRDUK2pQ93y8ecywQBDN6GK2b63p5
834,Hawai'i Korthal Mistletoe,Franklyn,Maggiore,M2F3fq9t46mp0T71087XR188wn8tti58zK4qyNWn7602e59dcD
835,Low Silverbush,Giorgi,Rogister,1147zG40e4158F75LDKCE7FH685y3tf0cj17Jjc002d75350b9
836,American Chickweed,Meara,Marple,jn70Y7X8z8kRn529336L54h132Ao504T6o999N05FGCP3U6229
837,Goldenthread,Essie,Paute,lpHv8kpVh410l6rNq07884dti38O5Qv9fAcK2p92y9dV1qQj3i
838,Deane's Wattle,Cammie,Enders,F130u31QMu50TVmTj14C00GgQgMpHrTGdNovc9GtcP71534kGM
839,Littletree Willow,Hobie,Enric,1OIrkr0498V72PE77c8M1arMd02IN130W8LD31w78GNbX2jDx0
840,Narrowfruit Horned Beaksedge,Haven,Saer,56p5s8m1I57dP8553fQU5afiw25669p6785296f148wDP1Qyh1
841,Peltula Lichen,Gale,Paniman,u6E3286g96lps1fg5wdW43346b1wp4iAf629Rg97K90TEm5076
842,Kokee Stream Melicope,Victor,Blasio,6nds6O7WS1E28UM12U2B477662tr2i53ZrvX7zlfE2t47Wu9is
843,Beach Sandmat,Rosita,Durden,v0u9912O8Ci86c6U3DUu3w2fFG1Z9lp7r176l9M6YgL321F7T8
844,Roadside Flatsedge,Alonso,Turbitt,eY4ViOpo4a2733MfId7U04vZHt35jif8760vAL224KQE9EA41k
845,Brake Fern,Kimberli,Bottleson,v55SO5wIL188HER6La31CEgu78g3JW384704886li18Z7hBRho
846,Three-way Sedge,Mandie,Aubray,puJQ320eG54akUlbSDdU6Gv73A5t2N0Ca3o3h81Q0401WwGys1
847,Tropical Amaranth,Fleurette,Jullian,4ep4703p346D60YHA84i7UHi22887nq0838e2Y2129r25J5NH5
848,Tracy's Hawthorn,Roxanna,Vedyaev,9Lq49Mr239A4sF7BZz4O1I3VJP4n17o60Qwj5s6dxI3H5u3J33
849,Desertmountain Manihot,Jodee,Boxill,4WU865V20H05TP3OE9gISOz87Z2BM9SEo2tnNX33504FuMO0m4
850,Cous Biscuitroot,Crissy,Fones,4650bL12D645N31b335h6l1Eh5q5Y53TDG4zTRNgZZ6J819g46
851,Davidson's Stonecrop,Coreen,Greaves,5T96sxF98J7k45oMOe71Q999W4txf43373849849aA69vI09F5
852,Rinodina Lichen,Law,Wandrich,9r6J68542Z06C6e5T52y57EA1pX51183fG3F0a670CE1N41O9N
853,Amazonian Coca,Kit,Bemwell,6n2JD3l6Az46F1xISH0520CY39kYY5ci2781a283y1Ymx5qH4y
854,California Yampah,Deeyn,Ashard,SjhyohU242GAUUf784630O341z0tlC0m7DkB7Be14Z0JwZOU8c
855,Wart Lichen,Donny,Hughs,31gQiq927G4s8Au62077wU776k1DEA4HF3G3z0wrcsID914L3a
856,Plateau Cyanea,Laney,Provost,xqo1xX15p3F39SBdM5N6cnnkPQt4i011fh6512oo5FJE7tDyrt
857,Winter Savory,Bernie,Degoy,5J6334lE41f7CxDz334732Zlr743t3r2PFU1Bl0P611RZHP4SD
858,Okie Bean,Raddy,Vaulkhard,l88209L2J8hfi5qOk6S1JHIl92rvzL3544904TYoGvT889E38A
859,Indian Parsley,Tess,Scantlebury,6395Z3O3qtDoe47g6Gc0Do6FGH4475r9CabNxI50S1VkNp949K
860,Milkwood,Ingeborg,Gollard,3h48X0A6c9kwQ10w4gM46wt05bQL7F7n0XZONl6110791ul4m8
861,Submersed Rimmed Lichen,Doreen,Anfonsi,rnj1AI91Xj3j9nFz124HM98LI02va162f7E43D0g1ye9Ux225l
862,Spiked Hoarypea,Garrett,Darnbrough,pc3jxF1MX7162rDp26814XZ2244h3J9CoI8GE5948ArG5870Lg
863,Cockleshell Lichen,Amata,Gooms,zA86i3250J35GDQ5KR18QE6163Y87G7117zE78739c8bC9nKfj
864,Comanche Point Tidytips,Felizio,Flicker,iV3IX1138YGxS29oIqNJhi9N04000q91tF33k4JnEkD1wa67I9
865,Peonyleaf Woodsorrel,Emelda,Silbersak,9gpI116e3917AGEml99oS1nNZwC3r961U1LgF3QA63iX29mEP5
866,Parana Pine,Boony,Stepney,31KtfS325GmC1v89u29Kw133gl81jnp0Thx4L0dA13M0VjjgGK
867,Haujillo,Daniel,Padbery,n9716j5DH0T108v48N6I0K75nu47188i45K2b0o6P5906Z5U34
868,Zuni Milkvetch,Travus,Doge,A1Oo8JvO54nYJyJ5Rs1663l13sT296o53cIM3X50ol4XS9P6z8
869,Peregrine Thistle,Yetty,Screech,oW95ubCD43dAWY2088G4jB95m9g07504qvc37i250WB3U67v27
870,Ground Nama,Sonnnie,Seagrove,o208f1qY3Y4Y4UZ4ZKxy1dm8iTC3U4ePNCCd7L3adV3Zu5YI1T
871,Wheeler's Thistle,Leisha,Cracker,99b30c95Jt8p1F872j5BQVDD5JLP45371Rdx7a681Lpr3B12lY
872,Coccoloba,Ottilie,Dodman,n63ck5Z8N163zw301X316100mPsBz8685g7gQqy7yDpu239S8v
873,Cliff Fendlerbush,Moreen,Reef,AW04oNl8765ZvwEc42j86emFz8VX7J6d2At83Ldl3P0W28g2Pp
874,Subalpine Larch,Had,Bodechon,YuK5k390q02ZeHf53O21Wb58637532O409Mwm7AmY2L8733o52
875,Dwarf Checkerbloom,Guillema,Parmby,590pu1YOydtWA8358Pj86h0490CK84zS3kmG1m00q7L63UrPdn
876,Mat Rockspirea,Jillana,Davidescu,59DZ8E11sh28K5LfB8T0kPIEpqKI6NDYs1tC368c5Fx947WS59
877,Emin's Strophanthus,Beverlie,Juszczak,13DKr5kFj6Ao1ogZz41b9JLpst3Trnc1Nb3t89Isz24AWNEvyl
878,Bur Pincushionplant,Free,Witt,58O14rz3O31703Eq8dpbC786R61D947HPjEv9t2j7043Iy302S
879,Rabo De Gato,Tannie,Doble,0QoW75ls7Tf54q78y3t0H7m07u696S619V4n33K8u3uw25v9Yf
880,Netbush,Stevy,Mellody,09U0F82Jj87knY139p57H75ZW9t5bDi03F361mtqKH90255661
881,Beetle Spurge,Viki,Griffitts,JD0Z269O334h1rrn06K865A0fWZr3M7JFO3a1NiYqg34362685
882,Roundleaf Monkeyflower,Imojean,Bowe,04ZbHWU23MPp01j16C9ZwQhsU0y8Q839r145D8oI6sJb9158S0
883,Foothill Larkspur,Frannie,Smieton,K7l8z22B1v76ns935PL8Zc0FPx8RWrqu2785P0te71474098w3
884,October Lady's Tresses,Lexy,Snawden,20J9yPg7xt8aG851d740Mcq9G20R92l7F56pqLHc9V62ep9jKo
885,Asian Spiderflower,Abrahan,Abramowitz,0001hwNRK10Pv44uC62Cp33ft13NL6Epj96N704e4O9V6N7ioV
886,Pinewoods Cryptantha,Barthel,Yekel,16l5C703b1C5424H219a6PH76jL7Q6H0d1wG15j22t1tg0vj7w
887,Spotted Beebalm,Vasilis,Gumbrell,4B4L511Bj3654mo15379mM9CEg9602Lv24PU1gDnb9U5g14440
888,Scorpion Ticktrefoil,Oswald,Hubback,2198fp63775XN288TS479Z96oisef05vI1KjQG4S1H9N4k7Vys
889,Curtiss' Yelloweyed Grass,Barbara-anne,Sutcliffe,Hl80PZbrfW0g4j13H0968nA1U133abm6RL7f6VIgl6V0GW85a5
890,Seaside Kirschsteiniothelia Lichen,Donn,Maiklem,ak68S7653U759H25Q27EMN74C6Ri6q5d5188ymzv03DtwoL22y
891,Pseudocalliergon Moss,Elston,Petriello,4u738y8H582194P88sA23GFJV242Z860J3859hm6340o25Ngb4
892,Papagayo,Cherey,Gibbin,qN3bn4L8H06Kd80u60w35uggnYH6CiCE47n0X2u4jE64e0ln2C
893,Stalked Maidenhair,Brinna,Dubbin,z4Y2L7q426NGVU2Xn958NS587X5l0740yr61pl02t07754x975
894,Engelmann's False Yucca,Steffie,Prinett,jf5k21eT6iC3Py68aRhUX7l18f99Vl86n7P86y7ufk60q9316x
895,Calotropis,Carmen,Corrado,jy5u66R4MP2Nm1289N378oV82Li4ushqLtq155813unK316icW
896,Dot Lichen,Louisa,Talmadge,39F9I4IB7OO411yo5z2i8n142UQ53Deu52JH76hhw4wEge4905
897,Combtop Muhly,Arlena,Pelosi,27o08ctr554n835CPneV0qu3728V4L66ZB7Ev397a56k0S5hs4
898,New Mexico Muhly,Ileane,Pocklington,6Yi51q3o44aeXg016si9c363jm812u9cahpa4nw209v997d764
899,Bruised Lichen,Wrennie,Aubin,xSUZyb46TSxPq2lY8Pf2lJHn294zq7miQ60f25yd4942O7r730
900,Waterhorehound,Courtney,Mollatt,rry5PW5FeO2X956oRt45XT4J89z25Kvy0XO822349889w11zps
901,Kawich Range Beardtongue,Blaire,Antonin,75GvX4aRHC2HB0d22t20o40Didziy0P471rpl1ae641Y36APP4
902,Upland Boneset,Asia,Draayer,2f6SY7p0Yzv8K34a9pcvE62P3psa5by3mL57dQ3399X635A71S
903,Long Grape,Holly,Castelijn,qz362S5B2UTI4rnnqB0763v90A48N6l3n0yPmMbU6XQO8lN33D
904,Hawai'i Umbrella Fern,Frederic,Curgenven,0J74844N4rDC1g4R9N0GDy0M573xy80wf49FtGU1265jL94EM0
905,Burahol,Curtice,Dresse,12Tk20si89Fy2V7y0T9fJR74DN34nB79lCYO0T7sHHK4696qfu
906,Eucalyptus,Iona,Beaufoy,bec4p9143vvw31K90kf167Li5H5814qp3M255a41a8K8h63WGR
907,Montbretia,Erek,Haggerstone,xv3F25NKzl7Hi7316836n404Q04JHmN6730wi516k6yG9DbF29
908,Royal Fringedfern,Maiga,Mish,553O44eiul8W3k78w24z835z4aN306D9Q3tJp37vqF805vF15E
909,Slender Fleabane,Benito,Eustis,t2416118NcF5n38dy2R8450jxj4DpI388FW4iY4aYw6og4hz6u
910,Lyon's Pygmydaisy,Auria,Lembrick,88251E2e893I9IsC9YaN2q6163n3Pol6U2F8309N2X6y18SVt2
911,Cantaloupe,Loy,Eakins,D461354oPXuT718sW57N8ixY7869nhay42ok8O8FU5yma47C18
912,Prostrate False Pimpernel,Conney,Harse,vAl603383Ur44kPX48u0Zi7m8ae006c9hF71W5g0g182W72O53
913,Burningbush,Ethelda,Alyonov,n66nk7wH9n083oQ1v3vIs55S1091Fl5s30Hb72LsPW236kZ90T
914,Amygdalaria Lichen,Armstrong,Ksandra,15x7t9gCKi01h49Kh79lP70g53z03fQZ232ahAz6Y785pM4a5J
915,Showy Greenbright,Sonnie,Bradman,dbN29Z93O796305gu00C4IV34Z5ahbw69865uM397050ynNPLz
916,Lavaslope False Lobelia,Nicola,Standbrook,7a6fF7hr1i04UH27024CU175fY52d268t6044d39U67D7Q068o
917,Maidencane,Dredi,Jinks,d881742VY5rsLm71Pwqp12Eg5Z5875D814k670VDq1SxA30Gvp
918,Miller's Rock Moss,Clair,Chilver,5n0854o9zf2Z3966Gekp87C7W3ClsHXo483J8qG37U37m46w65
919,Wart Lichen,Davon,Laste,4956Q0P4s445T8ld95YK136xt113H4S74CTT19G053Bw441Z58
920,Cup Lichen,Albina,Antonias,5M7r5uV3p2uXe238S7f18T58f49896I6262N8dx9ad3zZOm9KL
921,Gulf Swampweed,Olin,Ranyell,270f3ZI3F94Re00f64m113YTQ1ga4qi3W4w2N1gEUL7z2e2D1C
922,Navelwort,Harrie,Van Velden,DD84t3t81T20wk220y4ieXL5A5a165633B6b72r6RFe9pJJ7d1
923,Taproot Fleabane,Sibeal,Grayshon,795Aho1737539TBVEJK0873ol87799iYRP18dP4Kj617tD0JLK
924,Bristlecup Sandmat,Uriel,Cavan,rs954n3frN90z16pXp29TvtgtBa2YwtF9QFn2D224l0K8b7Ab6
925,Manchurian Crab Apple,Ryann,Face,3119743ThWfN92H0z761Wb2psT37wm5034k262ZS593h70yo17
926,Cojite Blanco,Gianna,Noto,y10Ms92i0W87w9422834zGEb933Ob2E8Q8T7oh42nv3Rp0967t
927,Dotted Fern,Tandie,Tolliday,9Ma6L25y9V3H7ByT2s3a1JTyY1Ah74g287234i649qs0x12sY0
928,Leadwood,Odey,Skillern,vpHW675RnMO0o3A6LI6xdoKu296Z619Y5F99Y8zhmKf08316S8
929,Euopsis Lichen,Tod,Aspenlon,b2cf1xwBN579Eli5K7Eq6381oN0TMY00WSY1R86YZ08Q5g49Rs
930,Forest Bedgrass,Kim,Buston,GJsZL31m41885O2R898w33J17N44sH9X38N99ohD2h9996d7a8
931,Corkyfruit Waterdropwort,Alberta,Rochford,E30nFA18248D3tN8f6263u5UZR67XBKkXDY170Wn5I4isBH9OU
932,Yellow-horn,Layne,Holme,sbC4Bg2c33189v4Lcmr3o3m89E8mA788n085C7pwcez2lHX83E
933,Alkanna,Kelwin,Richley,j35Lkaktow83B8C7lH61c09TQNy2u5pVffc3QK4ROeW8hYOIXc
934,Jamaican Crabgrass,Germana,Studders,8Z428OQD8l84q6931s7v3f268L14k7BCN69ch7u0687Tv6O5Zy
935,Velvet Bean,Teresita,Bilbee,J37rvJDqhr645695b1dn409Vr7Uen88F85822142p3MxOu9VV8
936,Heartleaf Skullcap,Tibold,McIntosh,BSF5E8mr48P9tEE8fe82a0RhZ0Iz8Gv84329M3ZLy6y9zqGA10
937,Spike Trisetum,Aurelie,Videneev,8Z22IQV0Y4M863mJK35J8356tD9h01G2y9NF5KpWu8W25386g1
938,Orange Lichen,Audy,Vanyutin,5xtp3r00vSW7cAT90QxbA8rQGRCB683148F4hnq2B8Yzt179BT
939,Holarrhena,Des,Fennessy,2u6759ETc20v9K159542Z3FC7993Q93k3947qt1C0PYP8L6U3H
940,Yellow Milkwort,Brandea,LeEstut,826io00012482H6Q28Xmt48xYA5602hd4h9988IMj3qUeE9Ea4
941,Homomallium Moss,Goraud,Sorley,bp4703Vx528rO360677ueIHzrwe3I8152k37zEd4e319ozCJ44
942,Birch,Freida,Calafato,0467S613N87B622OL81k7ZIPGO018j2jH7k3S7y53dQPWy96i3
943,Floatingheart,Kyle,Greguol,jOCq5473gv19t3659v8OSnF334025RAc5JHlg5I4p4yYsGz7Mi
944,Wedgeleaf Saxifrage,Jacquelin,Lidgett,7PRDC975W7h44r9Q0s086l7986eX997wn8O854nS8OyK953zKL
945,Spotted Beebalm,Elena,Bleasby,1x78S0W993hX319Z75A5x49591Z05091lYgXm89dt4qx29v6Z0
946,Lance Fern,Averill,Ashurst,f5573494akqTc12V8B871607d92v8DF6G7x44VYH0f2LEskM5M
947,Douglas-fir,Alidia,Hylton,8cW6L17mh6N66Sf27wdL4x403C28s2z631T2743oT1452wxnf1
948,Creeping Eryngo,Alonzo,Duckett,SSU8fWs8L3f1D84xB5uc70W63o7i824RLE04691U24g2T32608
949,Caespitose Four-nerve Daisy,Francklin,Skipsea,60A9Q2u25X919Vi5qobp7H1qL2Slx57y3lzmCSBe29PYy32jAV
950,Velvet Ash,Floria,McAllaster,R22EcthO5Zfb6Q58g5GOx2L586Ea816Tf58K98o82kU1620660
951,Adlumia,Flem,Kinny,6973g4s8sT7A8O9z3fJa2W179t0unJE0e614f1c859qH22VU4N
952,Brandegee's Fumewort,Gavin,Wherton,zF7436z80RQl5YHfm3m5dm7pq7930KWB3b324131352s1sxiQ6
953,Desert Wild Grape,Thia,Warcup,X8qi648jL6630SGKll4l7g198jlZ8upNSZlY9X5H1mqw16Og53
954,Painted Trillium,Alexio,Fink,w14kc1s8e38x960yV6yjs0567HXt95F33V1Y96M5264cJXb471
955,False Locust,Andrea,Livezey,54301k8670riY09U4qG01359vP0v6Dw623a659a88Wd129pZq9
956,Kauai Colicwood,Dolores,Enderwick,8Cv8VRz44zXS524Ama4SqXM3OV8r2mWlpzZk4o50h8x0q6acRL
957,Seasice Rush,Delaney,Sandeford,84zN40BBOsHWQ0T8ueZ2vV661hpib6D9KCnUkLXNv3zZX8gsDb
958,Northern False Candytuft,Kathlin,Garshore,9740398uU5fH23f44S0gN9T7r1TGp151g672dl2475Kv9k316U
959,Garbancillo,Alia,Klawi,19J8j660Bo59R86u1656427ZV82t42oVHO2928z02P32E0BhGH
960,Egyptian Panicgrass,Seline,Povall,Tk824iV14zPMpEn7U6g4s3N509yCH5632019L30a5s7UQ0ht68
961,Holarrhena,Rosaline,Baldelli,409JcDDmQna76iC6Em2B4R09B17p1sZ990R4nzH52ID4V513u2
962,Lung Lichen,Augusto,Dow,8mB0JY5788Ww2O2n912ubAE7wi1GG8C622p9y8nR869fYAkw46
963,Denseleaf Pussytoes,Tatiania,D'Aeth,c5dR605u06mWxo5B980m437n47e6GA25oRR77nd85O77qc7Bn3
964,Cryptolechia Lichen,Stan,Granleese,E56Zp1C8822SB745i6yL0rnx4e0Zrp25y4c00X659r9QCg67rf
965,Clammy Locust,Ozzie,O'Keefe,ta84636mq68WnFM8E2005h9F6ov84B9e328322MjF43762Q755
966,Schultes' Bedstraw,Albrecht,Minchinden,sA5g653S5BAFQXW0hc5Sr75C2dGu24wO56b0zHEI68Bo1835R6
967,Texas Torchwood,Warren,Roylance,5c4x6q285P448P897qk392PFTydvkLbeoOJ68n47Fx121qllQh
968,Moundlily Yucca,Waylon,Bristo,L06r13uQ6P39INUu48koAn3plzhPvoO3d0LB24a2741x2RWc27
969,El Yunque Colorado,Eileen,Rainsdon,9072hO545f5d8810IO20B39F27Ds10s7dss22X964pGz884139
970,Glossy Shower,Amalita,Gruszecki,1008VNF04B79d4gh1385V76J1cR1984NGW3n702s3lHhJtf2a9
971,Wand Airplant,Gino,De Mattia,0S9xC48cc87r52U27gam16BZk8EE0ru2401W7CakG41C6bNoG6
972,Cutleaf Beardtongue,Adrian,Eicheler,98852SyD9531rU20IAI58Bn044T3m4SGV19AOqwsd1x343l4E1
973,California Buckthorn,Heindrick,Yanez,425VN94Bj3zAV110LG43Lx4PDUN4499OqRATIQ20kT7t083w8s
974,Grayleaf Lobelia,Ferdinanda,Valentine,n03876840k063S69scQfz653j19TH284i4M7IYd7G06fh37n84
975,West Indian Hairsedge,Kesley,Meeland,09428665I69xS8mu7Yvz34h7AeuUvka05928vf93XXSM79Q15h
976,Hartweg's Umbrellawort,Melisent,Gavozzi,i7IZ427E89cY0mn94e7g3ERxUoD1n960XfZ37df9xhT97459pF
977,Hitchcock's Mock Orange,Lenora,Yakushkev,J238siGD5xU96MtX5NIF25Y25Ed2UzN7S4bUx380cyCYIV395e
978,Costa Rican Lady's Tresses,Mariellen,Claw,720kF8G5TA64Q4922ZH17zVd8J3a8LDB5h28i6x3O71TQ1t78x
979,Sierra Bleeding Heart,Orsa,Nafzger,wE6g0MF39e9O0a4Vy6R1jJjXS5wa1U6U6154H7928bR4oRJ087
980,Lanceleaf Polypody,Lucila,Hars,qb9yIl4HGynkz458Q77SiRRZv0WKj44R28M97i119p8h1262k9
981,Stellate Sedge,Currie,Merrydew,4Oln3Gy04c0C2B1fPUr1a086R4218i98tNG1E8OrPefV1Uk08u
982,Field Pennycress,Oren,Isson,E7klDcQA1x4ASp40L801a7H9AG25YSu0B834NoyN95W977R5Q1
983,Eucladium Moss,Papagena,Ortiga,1v1Psf31huE0U6s77gW78pm44zs43NL899772D2JS0B88qFlQH
984,Brittle Sandwort,Thorndike,Cordeau,S3Da6oE9kns9ij8kaG96257r9h6Z7K69SBP84qdYqTe3CSJb77
985,Capitaneja,Heindrick,Wickliffe,bvJZ417V7I1StSu45z7CSit444r0J66jJM1L4r9458262919X6
986,Napaea,Raven,Penwarden,Vi7wM83227y0H469Y9aE56Bl1H2oMRi66yX2249vIR551qYC69
987,Neon's Orange Lichen,Flynn,Roulston,5qod8981S402C40fFjh7X32Y55h1y2zm2g26m968U2DK146E57
988,Toadflax,Juliann,Parr,X46mL39lg23X2P1f2G56NG7bsq1ni6W80s83636N7UM0Pk12Kv
989,Jamaican Broom,Ronnica,Giurio,Xk9IB8pD0X7Epa0g79sR8Rt7r2yi54c78XF8q8x572yZ10j6oc
990,Balloonbush,Faina,Poyntz,xYF9v1i96oJ2bLkh6T8KoV02wv9W473i14k4qvn8c7zFpl9p6j
991,Sedge,Jermaine,Barnwell,Er8tSkXsDlNxgfnVOayiwql7385y7Xy3G00ti8YvZ6b627g16v
992,Widehead Groundsel,Genevieve,Bonavia,ikVh0expoll1i53LnV35IXs1J5669W5191G0180j8hoKp5yV29
993,Hairy Pepperweed,Norrie,Beelby,30O8F8P43VVK3x3hx0GEQoQ754896G9L4817zu13H97XXsfa10
994,Parodia,Lilla,Chown,wUu0bHB46K450r89T2J85m30h2b6UG6KycKmbnCr4D3kZTRO58
995,Subarctic Ladyfern,Orson,Prene,p28xAKbYx1a7x24w1CZkC6pe99ay8Yj9wYG9gHU9n5X1jS0g68
996,Jones' Beardtongue,Rollins,Burds,Q7sZ2T68v6v086w7nH9w29qp3163476HpAhX630r1a99611860
997,Downy Yellow Violet,Ofilia,Godthaab,00Ell60FtXRF5I6q825m9281WP68lY7l799v2ObZ1rN72Jf39P
998,Kingston's Hawthorn,Roger,Izhaky,KyHas9u602T5Iw466oHcrXc704Iz3I1F4787JuV9343jf4qO52
999,Chinese Houses,Giralda,Le Pine,lno987y685G5E1cC91d66106j54g5hq5z83768qC5oS6c8o95X
1000,Lacebark,Lilly,Rosten,Ww4p2V8ws4b1KNW3Su4l8uLx8m0N5l84wJgB3LztBF76MusP61
